weeks,mean,sd
infant,0.24344971465473436,0.05518966704665812
fetal,0.08802422076449785,0.03754039240229824
