COUNTRY,COUNTRY_NAME,WHO_REGION,YEAR,ACTIVITY_TYPE,INTERVENTION,START_DATE,END_DATE,AGEGROUP,EXTENT,STATUS,TARGET,DOSES,ADMIN_COVERAGE,OTHER_INTERVENTION,COVERAGE_SURVEY_DONE,SURVEY_RESULT,SURVEY_REPORT_RECEIVED,TECHNICAL_REPORT_RECEIVED,ACTIVITY_AREAS_COMMENT,DATA_AS_AT
ABW,Aruba,AMRO,2025,Campaign,M_MMR,2025,,15-45 Y,NATIONAL,Planned,,,,,,,,,,9/3/26 18:17
AFG,Afghanistan,EMRO,2002,CatchUp,MEASLES,2002,,6 M-14 Y,NATIONAL,Done,11880450,8791532,74,,NO,,NO,NO,,9/3/26 18:17
AFG,Afghanistan,EMRO,2003,FollowUp,MEASLES,7/23/03,,9-59 M,NATIONAL,Done,5560714,5338285,96,,NO,,NO,NO,,9/3/26 18:17
AFG,Afghanistan,EMRO,2006,FollowUp,MEASLES,8/5/06,8/11/06,9-59 M,Rollover-National,Done,975059,1064000,109,,NO,,NO,NO,9 Provinces Integrated with TT-SIAs campaign,9/3/26 18:17
AFG,Afghanistan,EMRO,2006,FollowUp,MEASLES,11/1/06,2/1/07,9-59 M,Rollover-National,Done,1731886,1809823,105,,NO,,NO,NO,13 Provinces,9/3/26 18:17
AFG,Afghanistan,EMRO,2007,FollowUp,MEASLES,5/20/07,5/22/07,9-59 M,Rollover-National,Done,1964379,2085479,106,,NO,,NO,NO,12 Provinces,9/3/26 18:17
AFG,Afghanistan,EMRO,2009,FollowUp,MEASLES,4/21/09,4/26/09,9-36 M,NATIONAL,Done,28572360,3171036,110,,NO,,NO,NO,8 provinces,9/3/26 18:17
AFG,Afghanistan,EMRO,2011,FollowUp,MEASLES,11/1/11,12/31/11,9-59 M,NATIONAL,Done,221857,200470,90,,NO,,NO,YES,9 Districts,9/3/26 18:17
AFG,Afghanistan,EMRO,2011,MopUp,MEASLES,4/1/11,4/30/11,9-59 M,NATIONAL,Done,228767,224074,98,,NO,,NO,YES,Various Provinces,9/3/26 18:17
AFG,Afghanistan,EMRO,2011,MopUp,MEASLES,11/26/11,11/30/11,9 M-10 Y,NATIONAL,Done,1050319,1005966,96,,NO,,NO,YES,32 drought stricken districts,9/3/26 18:17
AFG,Afghanistan,EMRO,2012,FollowUp,MEASLES,7/7/12,7/12/12,9 M-10 Y,SUBNATIONAL,Done,6866336,6025203,88,,NO,,NO,YES,in 17 provinces - 1st phase,9/3/26 18:17
AFG,Afghanistan,EMRO,2012,FollowUp,MEASLES,12/1/12,12/6/12,9 M-10 Y,SUBNATIONAL,Done,4279589,5495447,128,,NO,,NO,YES,2nd phase,9/3/26 18:17
AFG,Afghanistan,EMRO,2013,FollowUp,MEASLES,6/7/13,9/30/13,9-59 M,SUBNATIONAL,Done,1030441,875874,85,,NO,,NO,YES,new accessible areas - phase 1 & 2,9/3/26 18:17
AFG,Afghanistan,EMRO,2014,MopUp,MEASLES,6/1/14,7/31/14,6 M-10 Y,SUBNATIONAL,Done,349417,321750,92,,NO,,NO,YES,Flood-affected districts,9/3/26 18:17
AFG,Afghanistan,EMRO,2014,MopUp,MEASLES,8/1/14,9/30/14,9-59 M,SUBNATIONAL,Done,550613,520384,95,,NO,,NO,YES,High-risk districts,9/3/26 18:17
AFG,Afghanistan,EMRO,2015,FollowUp,MEASLES,5/1/15,10/30/15,9-59 M,NATIONAL,Done,5491465,6191955,113,,NO,92,NO,YES,,9/3/26 18:17
AFG,Afghanistan,EMRO,2016,MopUp,MEASLES,9/20/16,9/25/16,9 M-10 Y,SUBNATIONAL,Done,2335647,2450393,105,,NO,,NO,NO,,9/3/26 18:17
AFG,Afghanistan,EMRO,2017,MopUp,MEASLES,4/1/17,,9-59 M,SUBNATIONAL,Done,1083849,1053452,97.2,,NO,,NO,NO,,9/3/26 18:17
AFG,Afghanistan,EMRO,2018,FollowUp,MEASLES,9/1/18,11/26/18,9 M-10 Y,NATIONAL,Done,13709361,12590923,91,,YES,90,YES,NO,Phase 1 in Sept and phase 2 in Nov - 34 provinces,9/3/26 18:17
AFG,Afghanistan,EMRO,2021,OR,MEASLES,12/1/21,,9-59 M,SUBNATIONAL,Done,1393371,,,,NO,,NO,NO,,9/3/26 18:17
AFG,Afghanistan,EMRO,2022,FollowUp,MEASLES,11/26/22,12/5/22,9-59 M,NATIONAL,Done,5390538,5360753,99,polio,YES,84,YES,YES,,9/3/26 18:17
AFG,Afghanistan,EMRO,2025,FollowUp,MEASLES,9/29/25,11/7/25,6 M-10 Y,NATIONAL,Done,18078907,16747392,92.6,OPV,,,,,,9/3/26 18:17
AGO,Angola,AFRO,2003,CatchUp,MEASLES,4/21/03,5/19/03,9 M-14 Y,NATIONAL,Done,7642739,7226105,95,,NO,,NO,NO,,9/3/26 18:17
AGO,Angola,AFRO,2006,FollowUp,MEASLES,7/13/06,8/3/06,9-59 M,NATIONAL,Done,3218676,3210160,100,,NO,,NO,NO,,9/3/26 18:17
AGO,Angola,AFRO,2009,FollowUp,MEASLES,6/14/09,6/27/09,9-59 M,NATIONAL,Done,3430913,3469806,101,,NO,,NO,NO,Phase 1: urban (8-12 June) and Phase2: rural (15-26 June),9/3/26 18:17
AGO,Angola,AFRO,2011,FollowUp,MEASLES,9/9/11,9/22/11,9-59 M,NATIONAL,Done,5472822,4635248,85,,NO,,NO,YES,,9/3/26 18:17
AGO,Angola,AFRO,2014,FollowUp,MEASLES,9/22/14,10/5/14,6 M-9 Y,NATIONAL,Done,7829940,9169335,117,,YES,97,YES,YES,,9/3/26 18:17
AGO,Angola,AFRO,2018,CatchUp,MR,4/9/18,4/23/18,6 M-14 Y,NATIONAL,Done,12858210,12001440,93,bOPV,YES,87,YES,YES,Integrated with Polio (<5 Y),9/3/26 18:17
AGO,Angola,AFRO,2019,Campaign,MR,5/11/19,5/20/19,<5 Y,SUBNATIONAL,Done,84101,110280,131,VitA,NO,,NO,NO,JLV,9/3/26 18:17
AGO,Angola,AFRO,2019,Campaign,MR,5/11/19,5/20/19,<5 Y,SUBNATIONAL,Done,108673,127740,118,VitA,NO,,NO,NO,JLV,9/3/26 18:17
AGO,Angola,AFRO,2019,Campaign,MR,5/29/19,6/8/19,<5 Y,SUBNATIONAL,Done,141802,164410,116,VitA,NO,,NO,NO,JLV,9/3/26 18:17
AGO,Angola,AFRO,2020,SNID,MR,9/4/20,9/12/20,9-59 M,SUBNATIONAL,Done,338730,206924,61,IPV; VitA,NO,,NO,NO,,9/3/26 18:17
AGO,Angola,AFRO,2020,SNID,MR,10/16/20,10/24/20,9-59 M,SUBNATIONAL,Done,108464,85699,79,IPV; VitA,NO,,NO,NO,,9/3/26 18:17
AGO,Angola,AFRO,2020,SNID,MR,10/23/20,10/31/20,9-59 M,SUBNATIONAL,Done,5070,3363,66,VitA; IPV,NO,,NO,NO,,9/3/26 18:17
AGO,Angola,AFRO,2020,SNID,MR,12/4/20,12/12/20,9-59 M,SUBNATIONAL,Done,251443,251443,100,VitA; IPV,NO,,NO,NO,,9/3/26 18:17
AGO,Angola,AFRO,2022,OR,MR,7/21/22,11/25/22,6 M-< 5 Y,SUBNATIONAL,Done,2990813,2751203,91.99,polio; Covid-19,,,,,,9/3/26 18:17
AGO,Angola,AFRO,2022,OR,MR,7/24/22,8/19/22,6 M-< 5 Y,SUBNATIONAL,Done,1636915,1608593,98.27,polio; VitA,NO,,NO,NO,2 phases,9/3/26 18:17
AGO,Angola,AFRO,2026,FollowUp,MR,9/22/26,10/1/26,9 M-10 Y,NATIONAL,Planned,5983408,,,nOPV2,NO,,NO,NO,,9/3/26 18:17
AIA,Anguilla,AMRO,2022,Campaign,MMR,2022,,1-3 Y,NATIONAL,Done,100,50,50,,,,,,,9/3/26 18:17
ALB,Albania,EURO,2000,CatchUp,MR,11/1/00,1/14/00,12 M-14 Y,NATIONAL,Done,876652,867460,98,,NO,,NO,NO,NA,9/3/26 18:17
ALB,Albania,EURO,2001,CatchUp,MR,10/1/01,12/1/02,16-35 Y,NATIONAL,Done,455211,439450,97,,NO,,NO,NO,Women,9/3/26 18:17
ALB,Albania,EURO,2003,CatchUp,MR,3/1/03,5/31/03,17-24 Y,SUBNATIONAL,Done,50363,37104,74,,NO,,NO,NO,male students of high schools and universities,9/3/26 18:17
ALB,Albania,EURO,2017,Campaign,MMR,11/1/17,12/31/17,unknown,SUBNATIONAL,Done,350,300,86,,NO,,NO,NO,,9/3/26 18:17
ARE,United Arab Emirates,EMRO,2001,CatchUp,MMR,2001,,9 M-18 Y,NATIONAL,Done,950000,893000,94,,NO,,NO,NO,unknown,9/3/26 18:17
ARE,United Arab Emirates,EMRO,2015,FollowUp,MMR,11/1/15,12/31/15,1-18 Y,NATIONAL,Done,1322282,915480,69,,NO,,NO,NO,phase 1 - ongoing to Jan 2016,9/3/26 18:17
ARE,United Arab Emirates,EMRO,2016,OR,MMR,10/1/16,,19-34 Y,NATIONAL,Done,1252560,581519,46,,NO,,NO,NO,,9/3/26 18:17
ARE,United Arab Emirates,EMRO,2024,Campaign,M_MMR,11/4/24,12/6/24,1-6 Y,NATIONAL,Done,-2222,,,,,,,,,9/3/26 18:17
ARG,Argentina,AMRO,2002,FollowUp,MR,2002,,1-5 Y,NATIONAL,Done,2117920,1842590,87,,NO,,NO,NO,,9/3/26 18:17
ARG,Argentina,AMRO,2005,FollowUp,MR,4/24/05,4/30/05,1-4 Y,NATIONAL,Done,2694879,2093314,78,,NO,,NO,NO,,9/3/26 18:17
ARG,Argentina,AMRO,2006,SpeedUp,MR,9/1/06,10/13/06,15-39 Y,NATIONAL,Done,6855422,6718314,98,,NO,,NO,NO,,9/3/26 18:17
ARG,Argentina,AMRO,2008,SpeedUp,MR,9/1/08,11/1/08,19-36 Y,NATIONAL,Done,6000867,5400780,90,,NO,,NO,NO,Males only,9/3/26 18:17
ARG,Argentina,AMRO,2009,FollowUp,MR,9/1/09,,1-4 Y,NATIONAL,Done,2808368,2748107,98,,NO,,NO,NO,,9/3/26 18:17
ARG,Argentina,AMRO,2014,FollowUp,MMR,9/1/14,10/30/14,1-4 Y,NATIONAL,Done,2865714,2347019,82,,NO,,NO,NO,,9/3/26 18:17
ARG,Argentina,AMRO,2018,FollowUp,MMR,10/1/18,11/30/18,13 M-4 Y,NATIONAL,Done,2816458,2502701,89,,NO,,NO,NO,,9/3/26 18:17
ARG,Argentina,AMRO,2019,Campaign,MMR,9/1/19,,12 M-6 Y,SUBNATIONAL,Done,,5228,,,NO,,NO,NO,Intensification,9/3/26 18:17
ARG,Argentina,AMRO,2019,Campaign,MR_MMR,9/25/19,,6-11 M,SUBNATIONAL,Done,202428,131495,65,,NO,,NO,NO,Intensification,9/3/26 18:17
ARG,Argentina,AMRO,2019,Campaign,MR_MMR,10/1/19,,13 M-4 Y,SUBNATIONAL,Done,410791,189850,46,,NO,,NO,NO,Intensification,9/3/26 18:17
ARG,Argentina,AMRO,2022,FollowUp,MMR,10/1/22,1/31/23,13 M-4 Y,NATIONAL,Done,2315692,1602127,69.19,,NO,,NO,NO,,9/3/26 18:17
ARG,Argentina,AMRO,2025,Case response,M_MMR,5/31/25,12/31/25,6-59 M,SUBNATIONAL,Done,621000,264625,42.6,,,,,,,9/3/26 18:17
ARM,Armenia,EURO,2007,CatchUp,MR,10/1/07,10/13/07,6-27 Y,NATIONAL,Done,942767,912510,96.8,,NO,,NO,NO,,9/3/26 18:17
ARM,Armenia,EURO,2008,Campaign,MEASLES,12/1/08,5/31/09,28-45 M,NATIONAL,Done,252450,168202,67,,NO,,NO,NO,,9/3/26 18:17
ARM,Armenia,EURO,2022,Campaign,MMR,1/1/22,12/31/22,18 Y+,SUBNATIONAL,Done,,184,,,,,,,,9/3/26 18:17
ARM,Armenia,EURO,2023,Campaign,M_MMR,1/1/23,12/31/23,Other,SUBNATIONAL,Done,,13282,,,,,,,,9/3/26 18:17
ARM,Armenia,EURO,2024,Other,M_MMR,1/1/24,12/31/24,Other,SUBNATIONAL,Done,,8521,,,,,,,,9/3/26 18:17
ASM,American Samoa,WPRO,2001,CatchUp,MEASLES,9/1/01,,1-14 Y,NATIONAL,Done,,,,,NO,,NO,NO,,9/3/26 18:17
AZE,Azerbaijan,EURO,2004,MopUp,MEASLES,11/1/04,,11-15 Y,SUBNATIONAL,Done,130000,119900,92.2,,NO,,NO,NO,NID,9/3/26 18:17
AZE,Azerbaijan,EURO,2006,CatchUp,MR,2006,,23-35 Y,NATIONAL,Done,471570,447207,94,,NO,,NO,NO,CBAW,9/3/26 18:17
AZE,Azerbaijan,EURO,2006,CatchUp,MR,2/27/06,3/31/06,7-23 Y,NATIONAL,Done,2473399,2355618,95,,NO,,NO,NO,na 7-29 Y in selected areas,9/3/26 18:17
AZE,Azerbaijan,EURO,2014,MopUp,MMR,10/14/14,10/28/14,10-14 Y,SUBNATIONAL,Done,171565,164560,96,,NO,,NO,NO,,9/3/26 18:17
AZE,Azerbaijan,EURO,2015,Campaign,MR,4/1/15,5/1/15,Adults,NATIONAL,Done,,10642,,,NO,,NO,NO,,9/3/26 18:17
AZE,Azerbaijan,EURO,2023,OR,MR,12/22/23,,Other,NATIONAL,Done,4769200,22633,0.47,,,,,,,9/3/26 18:17
BDI,Burundi,AFRO,2001,CatchUp,MEASLES,5/1/01,,9 M-15 Y,Rollover-National,Done,2820525,1835556,65,,NO,,NO,NO,,9/3/26 18:17
BDI,Burundi,AFRO,2002,CatchUp,MEASLES,6/17/02,6/28/02,9 M-14 Y,Rollover-National,Done,3270666,2767054,90,,NO,,NO,NO,,9/3/26 18:17
BDI,Burundi,AFRO,2003,MopUp,MEASLES,5/16/03,,6-14 Y,SUBNATIONAL,Done,4057,3972,97,,NO,,NO,NO,,9/3/26 18:17
BDI,Burundi,AFRO,2004,MopUp,MEASLES,12/13/04,12/15/04,0-11 M,NATIONAL,Done,64617,30946,47.89,,NO,,NO,NO,,9/3/26 18:17
BDI,Burundi,AFRO,2005,Campaign,MEASLES,11/28/05,11/11/05,0-11 M,NATIONAL,Done,283657,24754,8.7,,NO,,NO,NO,,9/3/26 18:17
BDI,Burundi,AFRO,2006,FollowUp,MEASLES,6/19/06,6/23/06,9-59 M,NATIONAL,Done,1123365,1226689,110,,NO,,NO,NO,,9/3/26 18:17
BDI,Burundi,AFRO,2009,FollowUp,MEASLES,6/22/09,6/26/09,6-59 M,NATIONAL,Done,1393050,1321915,95,,NO,,NO,NO,,9/3/26 18:17
BDI,Burundi,AFRO,2010,CatchUp,MEASLES,10/25/10,10/29/10,6 M-14 Y,SUBNATIONAL,Done,389189,384958,99,,NO,,NO,NO,Bujumbura Mairie and Rural,9/3/26 18:17
BDI,Burundi,AFRO,2010,FollowUp,MEASLES,6/7/10,6/9/10,6-59 M,SUBNATIONAL,Done,470494,446775,95,,NO,,NO,NO,,9/3/26 18:17
BDI,Burundi,AFRO,2011,CatchUp,MEASLES,2011,,6 M-14 Y,SUBNATIONAL,Done,288282,291210,101,,NO,,NO,NO,,9/3/26 18:17
BDI,Burundi,AFRO,2012,FollowUp,MEASLES,6/18/12,6/21/12,6-59 M,NATIONAL,Done,1422581,1459304,102,,NO,,NO,YES,,9/3/26 18:17
BDI,Burundi,AFRO,2013,CatchUp,MEASLES,6/24/13,6/27/13,18-23 M,NATIONAL,Done,160495,64216,40,,NO,,NO,NO,,9/3/26 18:17
BDI,Burundi,AFRO,2013,CatchUp,MEASLES,12/16/13,12/19/13,18-23 M,NATIONAL,Done,158576,18692,12,,NO,,NO,NO,,9/3/26 18:17
BDI,Burundi,AFRO,2014,CatchUp,MEASLES,5/6/14,5/8/14,18-23 M,NATIONAL,Done,152156,15931,10,,NO,,NO,NO,Semaine Africaine de Vaccination,9/3/26 18:17
BDI,Burundi,AFRO,2014,CatchUp,MEASLES,12/16/14,12/19/14,18-23 M,NATIONAL,Done,75770,16082,21,,NO,,NO,NO,,9/3/26 18:17
BDI,Burundi,AFRO,2015,CatchUp,MEASLES,4/13/15,4/16/15,18-23 M,NATIONAL,Done,178978,14190,8,,NO,,NO,NO,Vaccination week,9/3/26 18:17
BDI,Burundi,AFRO,2015,CatchUp,MEASLES,11/16/15,11/19/15,18-23 M,NATIONAL,Done,108266,8460,8,,NO,,NO,NO,Semaine Santé Mère Enfant 1er passage - 2nd dose,9/3/26 18:17
BDI,Burundi,AFRO,2016,CatchUp,MEASLES,6/20/16,6/23/16,18-23 M,NATIONAL,Done,85304,18571,22,,NO,,NO,NO,2eme dose - Enfants de 18 à 23 mois non encore vaccinés au VAR2,9/3/26 18:17
BDI,Burundi,AFRO,2016,CatchUp,MEASLES,12/6/16,12/9/16,18-23 M,NATIONAL,Done,52721,11872,23,,NO,,NO,NO,,9/3/26 18:17
BDI,Burundi,AFRO,2017,CatchUp,MR,5/15/17,5/19/17,9 M-14 Y,NATIONAL,Done,4175326,4126421,98.8,,NO,,NO,YES,"Semaine Santé Mère Enfant 1er passage
campaign report pending",9/3/26 18:17
BDI,Burundi,AFRO,2017,CatchUp,MR,12/5/17,12/8/17,18-23 M,NATIONAL,Done,78451,8731,11,VitA; deworming,NO,,NO,NO,Enfants de 18 à 23 mois non encore vaccinés au RR2,9/3/26 18:17
BDI,Burundi,AFRO,2018,CatchUp,MR,6/19/18,6/22/18,18-23 M,NATIONAL,Done,33095,11350,34,deworming; VitA,NO,,NO,NO,,9/3/26 18:17
BDI,Burundi,AFRO,2018,CatchUp,MR,11/20/18,11/23/18,18-23 M,NATIONAL,Done,18269,15400,84,VitA; deworming,NO,,NO,NO,Semaine santé Mère Enfant 2ème édition,9/3/26 18:17
BDI,Burundi,AFRO,2019,CatchUp,MR,6/25/19,6/28/19,0-11 M,NATIONAL,Done,5849,4054,69,VitA; deworming; Penta; BCG,NO,,NO,NO,RR1 - Semaine Santé Mère Enfants - Enfants de 0 à 11 mois non vaccinés ou incomplètement vaccinés au RR1,9/3/26 18:17
BDI,Burundi,AFRO,2019,CatchUp,MR,6/25/19,6/28/19,0-11 M,NATIONAL,Done,11141,9206,83,VitA; deworming; Penta; BCG,NO,,NO,NO,RR2 - Semaine Santé Mère Enfants - Enfants de 0 à 11 mois non vaccinés ou incomplètement vaccinés au RR2,9/3/26 18:17
BDI,Burundi,AFRO,2020,OR,MR,4/13/20,4/17/20,9 M-14 Y,SUBNATIONAL,Done,122194,142189,116,,NO,,NO,NO,Phase 1 dans le district Cibitoke et 8 collines qui l'environnent ainsi que dans les camps de réfugiés Congolais et leurs sous-collines d'implatation,9/3/26 18:17
BDI,Burundi,AFRO,2020,OR,MR,12/15/20,12/18/20,6-59 M,SUBNATIONAL,Done,543549,495202,91.1,,YES,92.4,YES,NO,"Phase 2, dans 14 districts sanitaires qui sont entrés en épidémie aprsè la phase 1 dud district Cibitoke",9/3/26 18:17
BDI,Burundi,AFRO,2022,FollowUp/OR,MR,1/25/22,1/29/22,9-59 M,NATIONAL,Done,1683300,1567116,93,deworming; vitA,NO,,NO,NO,Semaine Santé Mère Enfant couplée à la campagne de riposte RR,9/3/26 18:17
BDI,Burundi,AFRO,2023,OR,MR,4/3/23,4/7/23,6 M-9 Y,SUBNATIONAL,Done,377353,286648,75.9628,,,,,,"districts: Bubaza, Mpanda, Cibitoke, Bukinanyana, Zone Centre",9/3/26 18:17
BDI,Burundi,AFRO,2023,OR,MR,8/5/23,8/8/23,Other,SUBNATIONAL,Done,113605,92238,81.1918,,,,,,,9/3/26 18:17
BDI,Burundi,AFRO,2024,OR,M_MR,6/13/24,6/17/24,9 M-14 Y,NATIONAL,Done,2143165,1978999,92.3,VitA; deworming,NO,,,YES,,9/3/26 18:17
BDI,Burundi,AFRO,2025,OR,MR,7/23/25,7/26/25,6-59 M,SUBNATIONAL,Done,474803,392786,82.73,,,,,,activity in 10 districts,9/3/26 18:17
BDI,Burundi,AFRO,2026,FollowUp,MR,11/16/26,,6-59 M,NATIONAL,Planned,2446535,,,VitA; deworming,,,,,,9/3/26 18:17
BEN,Benin,AFRO,2001,CatchUp,MEASLES,12/5/01,12/20/01,9 M-14 Y,Rollover-National,Done,950780,950780,105.16,,YES,98,YES,YES,2 provinces - 33% of country,9/3/26 18:17
BEN,Benin,AFRO,2003,CatchUp,MEASLES,1/10/03,1/19/03,9 M-14 Y,Rollover-National,Done,2224754,2299583,105,,NO,,NO,NO,67% of country,9/3/26 18:17
BEN,Benin,AFRO,2005,FollowUp,MEASLES,12/12/05,12/18/05,9-59 M,NATIONAL,Done,1058201,1137163,107.5,,NO,,NO,NO,,9/3/26 18:17
BEN,Benin,AFRO,2008,FollowUp,MEASLES,11/17/08,11/23/08,9-59 M,NATIONAL,Done,1250559,1272621,101,,YES,83,YES,NO,,9/3/26 18:17
BEN,Benin,AFRO,2011,FollowUp,MEASLES,9/19/11,9/25/11,9-59 M,NATIONAL,Done,1355328,1411065,104,,NO,,NO,YES,,9/3/26 18:17
BEN,Benin,AFRO,2014,FollowUp,MEASLES,11/29/14,12/5/14,9 M-9 Y,NATIONAL,Done,2609563,2621634,100,,NO,,NO,YES,Phase 1 - 4/6 regions,9/3/26 18:17
BEN,Benin,AFRO,2015,FollowUp,MEASLES,1/20/15,1/29/15,9 M-9 Y,NATIONAL,Done,399842,408511,102,,YES,,YES,YES,Phase 2 - Atacora/Donga,9/3/26 18:17
BEN,Benin,AFRO,2019,CatchUp,MR,3/6/19,3/11/19,9 M-14 Y,NATIONAL,Done,5220833,5452720,104,VitA,YES,96,YES,YES,,9/3/26 18:17
BEN,Benin,AFRO,2024,FollowUp,MR,12/9/24,12/15/24,9-59 M,NATIONAL,Done,3732449,3115648,83.47,VitA; deworming,YES,59.2,YES,NO,,9/3/26 18:17
BEN,Benin,AFRO,2027,Followup,MR,2027,,9-59 M,NATIONAL,Planned,2136671,,,,,,,,,9/3/26 18:17
BFA,Burkina Faso,AFRO,2001,CatchUp,MEASLES,12/18/01,12/30/01,9 M-14 Y,NATIONAL,Done,5139696,4943115,96,,YES,97,YES,NO,,9/3/26 18:17
BFA,Burkina Faso,AFRO,2004,FollowUp,MEASLES,12/14/04,12/19/04,9-59 M,NATIONAL,Done,2816666,2858536,101,,YES,96,YES,NO,,9/3/26 18:17
BFA,Burkina Faso,AFRO,2007,FollowUp,MEASLES,12/1/07,12/7/07,9-59 M,NATIONAL,Done,3092934,3145255,102,,YES,96,YES,NO,in all 55 districts,9/3/26 18:17
BFA,Burkina Faso,AFRO,2009,CatchUp,MEASLES,6/13/09,6/17/09,6 M-14 Y,SUBNATIONAL,Done,3655581,3833116,105,,NO,,NO,NO,,9/3/26 18:17
BFA,Burkina Faso,AFRO,2011,FollowUp,MEASLES,4/8/11,4/14/11,9-59 M,UNKNOWN,Done,2526721,2865517,113,,YES,93,YES,NO,,9/3/26 18:17
BFA,Burkina Faso,AFRO,2012,Campaign,MEASLES,6/8/12,6/12/12,6 M+,SUBNATIONAL,Done,18583,5990,32,,NO,,NO,NO,refugees,9/3/26 18:17
BFA,Burkina Faso,AFRO,2012,Campaign,MEASLES,7/6/12,7/9/12,6 M+,SUBNATIONAL,Done,73497,62393,84,,NO,,NO,NO,,9/3/26 18:17
BFA,Burkina Faso,AFRO,2014,CatchUp,MR,11/21/14,11/30/14,9 M-14 Y,NATIONAL,Done,7973614,8517508,107,,YES,85,YES,YES,,9/3/26 18:17
BFA,Burkina Faso,AFRO,2018,OR,MEASLES,7/27/18,8/2/18,6-59 M,SUBNATIONAL,Done,1198270,1318337,110,,NO,,NO,YES,,9/3/26 18:17
BFA,Burkina Faso,AFRO,2019,FollowUp,MR,11/22/19,11/28/19,9-59 M,NATIONAL,Done,3237877,3254425,100.5,VitA; deworming,YES,84.4,YES,YES,,9/3/26 18:17
BFA,Burkina Faso,AFRO,2024,FollowUp,MR,2/26/24,3/21/24,9-59 M,NATIONAL,Done,3489383,3550124,101.7,,YES,86.6,YES,YES,26/02-03/03 + 15-21/03,9/3/26 18:17
BFA,Burkina Faso,AFRO,2026,OR,MEASLES,2026-05,,,,Planned,718776,,,,,,,,,9/3/26 18:17
BFA,Burkina Faso,AFRO,2027,FollowUp,MR,2027,,9-59 M,,Planned,3567730,,,,,,,,,9/3/26 18:17
BGD,Bangladesh,SEARO,2001,MopUp,MEASLES,8/26/01,,9-35 M,SUBNATIONAL,Done,894802,1118451,125,,NO,,NO,NO,"670 unions, slums of 4cc and 28 municipalities",9/3/26 18:17
BGD,Bangladesh,SEARO,2005,CatchUp,MEASLES,9/3/05,9/22/05,9 M-10 Y,Rollover-National,Done,1481321,1374390,93,,NO,,NO,NO,pilot in 2 districts,9/3/26 18:17
BGD,Bangladesh,SEARO,2006,CatchUp,MEASLES,2/25/06,3/16/06,9 M-10 Y,Rollover-National,Done,34199590,34637760,101,,NO,,NO,NO,,9/3/26 18:17
BGD,Bangladesh,SEARO,2010,FollowUp,MEASLES,2/14/10,2/28/10,9-59 M,NATIONAL,Done,18136066,18085685,99.72,,NO,,NO,YES,,9/3/26 18:17
BGD,Bangladesh,SEARO,2014,CatchUp,MR,1/25/14,2/13/14,9 M-15 Y,NATIONAL,Done,52745231,53644603,102,,NO,,NO,YES,Campaigns in educational institutes and community,9/3/26 18:17
BGD,Bangladesh,SEARO,2016,MopUp,MR,12/11/16,12/18/16,9 M-<5 Y,SUBNATIONAL,Done,99489,100863,101,,NO,,NO,NO,,9/3/26 18:17
BGD,Bangladesh,SEARO,2017,MopUp,MR,4/29/17,6/8/17,9 M-<5 Y,SUBNATIONAL,Done,1556818,1553791,99.8,,NO,,NO,YES,4 districts of Sylhet division and Cox’s Bazar district of Chittagong division,9/3/26 18:17
BGD,Bangladesh,SEARO,2017,MopUp,MR,9/16/17,12/5/17,6 M-<15 Y,SUBNATIONAL,Done,459523,490501,107,OPV,NO,,NO,NO,,9/3/26 18:17
BGD,Bangladesh,SEARO,2020,FollowUp,MR,11/1/20,1/31/21,9 M-<10 Y,NATIONAL,Done,35337520,36585690,103.5,,NO,,NO,YES,,9/3/26 18:17
BGD,Bangladesh,SEARO,2020,OR,MR,1/1/20,2/1/20,6 M-9 Y,SUBNATIONAL,Done,290116,,,,NO,,NO,NO,"FDMN camps, Cox Bazar",9/3/26 18:17
BGD,Bangladesh,SEARO,2026,FollowUp,MR,2026-04,,6-59 M,NATIONAL,Planned,17840535,,,,,,,,,9/3/26 18:17
BGD,Bangladesh,SEARO,2026,OR,MR,4/6/26,,6 M-5 Y,SUBNATIONAL,Done,1200000,,,,NO,,NO,NO,18 districts,9/3/26 18:17
BGR,Bulgaria,EURO,2009,Campaign,MMR,4/1/09,12/1/09,13 M-20 Y,NATIONAL,Done,,77557,,,NO,,NO,NO,Immunization of contact persons up to 3 days after contact,9/3/26 18:17
BGR,Bulgaria,EURO,2010,CatchUp,MMR,3/1/10,4/1/10,13 M-20 Y,SUBNATIONAL,Done,433000,,,,NO,,NO,NO,,9/3/26 18:17
BGR,Bulgaria,EURO,2019,NID,MMR,9/5/19,10/5/19,13 M-8 Y from vulnerable groups,SUBNATIONAL,Done,,12073,,,NO,,NO,NO,,9/3/26 18:17
BHR,Bahrain,EMRO,2003,FollowUp,MMR,9/1/03,,4-40 Y,NATIONAL,Done,14700,3732,25,,NO,,NO,NO,,9/3/26 18:17
BHR,Bahrain,EMRO,2006,CatchUp,MMR,1/1/06,12/1/06,4-40 Y,NATIONAL,Done,12000,1648,14,,NO,,NO,NO,,9/3/26 18:17
BHR,Bahrain,EMRO,2007,CatchUp,MMR,1/1/07,12/1/07,4-40 Y,NATIONAL,Done,12000,2502,2,,NO,,NO,NO,,9/3/26 18:17
BHR,Bahrain,EMRO,2019,MopUp,MMR,3/1/19,12/31/19,,NATIONAL,Done,,13992,,,NO,,NO,NO,,9/3/26 18:17
BHS,Bahamas,AMRO,2025,CatchUp,M_MMR,4/26/25,2025,12-59 M,SUBNATIONAL,Done,300,19,6.3,,,,,,,9/3/26 18:17
BIH,Bosnia and Herzegovina,EURO,2024,OR,M_MMR,3/4/24,,9 M+,SUBNATIONAL,Done,,7596,,,,,,,,9/3/26 18:17
BLR,Belarus,EURO,2005,CatchUp,RCV,10/1/05,5/10/06,12-19 Y,Rollover-National,Done,1051870,1022457,97,,NO,,NO,NO,school age,9/3/26 18:17
BLR,Belarus,EURO,2006,CatchUp,RCV,2006,,22 Y,NATIONAL,Done,44552,37417,84,SYSTEM,NO,,NO,NO,,9/3/26 18:17
BLR,Belarus,EURO,2012,Campaign,MEASLES,9/1/12,,20-29 Y,NATIONAL,Done,68011,67989,100,,NO,,NO,NO,,9/3/26 18:17
BLR,Belarus,EURO,2014,MopUp,MEASLES,10/10/14,4/12/15,20-45 Y,SUBNATIONAL,Done,12069,11285,94,,NO,,NO,NO,Health professionnals,9/3/26 18:17
BLR,Belarus,EURO,2019,Campaign,MEASLES,3/1/19,12/31/19,risk groups,NATIONAL,Done,98169,91456,93,,NO,,NO,NO,"emplyees 18-55 yrs old; refugees, first contact, risk groups, etc",9/3/26 18:17
BLR,Belarus,EURO,2023,OR,MEASLES,5/1/23,,Risk groups,NATIONAL,Done,50000,7924,15.85,,,,,,,9/3/26 18:17
BLR,Belarus,EURO,2024,OR,MCV,1/1/24,12/31/24,Risk groups,NATIONAL,Done,40368,37095,91.89,,NO,,NO,NO,,9/3/26 18:17
BLR,Belarus,EURO,2025,OR,MCV,1/1/25,12/31/25,Risk groups,NATIONAL,Done,4002,2661,66.5,,,,,,,9/3/26 18:17
BLZ,Belize,AMRO,2000,FollowUp,MMR,2000,,1-4 Y,NATIONAL,Done,,,95,,NO,,NO,NO,,9/3/26 18:17
BLZ,Belize,AMRO,2004,SpeedUp,MMR,4/1/04,,5-35 Y,NATIONAL,Done,68000,64792,96,,NO,,NO,NO,adult MMR campaign,9/3/26 18:17
BLZ,Belize,AMRO,2005,FollowUp,MMR,4/1/05,,3-35 Y,NATIONAL,Done,64792,66801,103,,NO,,NO,NO,,9/3/26 18:17
BLZ,Belize,AMRO,2008,MopUp,MMR,4/1/08,,9-59 M,NATIONAL,Done,223,212,95,,NO,,NO,NO,,9/3/26 18:17
BLZ,Belize,AMRO,2010,FollowUp,MMR,4/1/10,5/1/10,12-24 M,NATIONAL,Done,500,474,95,,NO,,NO,NO,,9/3/26 18:17
BLZ,Belize,AMRO,2025,Case Response,M_MMR,4/8/25,5/30/25,Risk groups,NATIONAL,Done,,3493,,,,,,,,9/3/26 18:17
BMU,Bermuda,AMRO,2024,Emergency campaign,M_MMR,11/16/24,12/15/24,Risk groups,NATIONAL,Done,,125,,,,,,,,9/3/26 18:17
BOL,Bolivia (Plurinational State of),AMRO,2000,MopUp,MEASLES,7/1/00,,6 M-30 Y,SUBNATIONAL,Done,,,95,,NO,,NO,NO,Santa Cruz (Mennonite communities),9/3/26 18:17
BOL,Bolivia (Plurinational State of),AMRO,2002,MopUp,MEASLES,10/10/02,,0-24 M,SUBNATIONAL,Done,66996,59196,88.4,,NO,,NO,NO,,9/3/26 18:17
BOL,Bolivia (Plurinational State of),AMRO,2003,FollowUp,MMR,5/1/03,7/30/03,1-4 Y,NATIONAL,Done,941721,894593,95,,NO,,NO,NO,,9/3/26 18:17
BOL,Bolivia (Plurinational State of),AMRO,2004,MopUp,MMR,4/24/04,5/31/04,12-23 M,Rollover-National,Done,44000,39196,72,,NO,,NO,NO,,9/3/26 18:17
BOL,Bolivia (Plurinational State of),AMRO,2004,MopUp,MMR,5/1/04,,24-48 M,SUBNATIONAL,Done,,,50,,NO,,NO,NO,,9/3/26 18:17
BOL,Bolivia (Plurinational State of),AMRO,2005,FollowUp,MR,4/1/05,,12-23 M,Rollover-National,Done,82000,44749,59,,NO,,NO,NO,,9/3/26 18:17
BOL,Bolivia (Plurinational State of),AMRO,2006,FollowUp,MR,5/1/06,6/12/06,15-39 Y,NATIONAL,Done,3960085,4229580,107,,NO,,NO,NO,,9/3/26 18:17
BOL,Bolivia (Plurinational State of),AMRO,2007,SpeedUp,MR,10/1/07,11/13/07,2-15 Y,Rollover-National,Done,3217725,3075963,96,,NO,,NO,NO,2nd Stage,9/3/26 18:17
BOL,Bolivia (Plurinational State of),AMRO,2015,Campaign,MMR,2015,,2-5 Y,UNKNOWN,Done,874000,873024,99.9,,NO,,NO,NO,,9/3/26 18:17
BOL,Bolivia (Plurinational State of),AMRO,2018,Campaign,MMR,4/1/18,,1-4 Y,NATIONAL,Done,20105,7000,35,,NO,,NO,NO,,9/3/26 18:17
BOL,Bolivia (Plurinational State of),AMRO,2019,Campaign,MMR,4/1/19,,1-4 Y,NATIONAL,Done,49424,28833,58,,NO,,NO,NO,MMR1,9/3/26 18:17
BOL,Bolivia (Plurinational State of),AMRO,2019,Campaign,MMR,5/1/19,,2-4 Y,NATIONAL,Done,30211,27425,91,,NO,,NO,NO,MMR2,9/3/26 18:17
BOL,Bolivia (Plurinational State of),AMRO,2021,FollowUp,MMR,8/1/21,,1-5 Y,NATIONAL,Done,118340,1209415,102.2,,NO,,NO,NO,,9/3/26 18:17
BOL,Bolivia (Plurinational State of),AMRO,2022,Campaign,MMR,2022,2022,1-4 Y,NATIONAL,Done,945810,614296,64.95,OPV,,,,,,9/3/26 18:17
BRA,Brazil,AMRO,2000,Campaign,RCV,9/1/00,,CBAW,SUBNATIONAL,Done,750000,,72,,NO,,NO,NO,Rio Grande do Norte,9/3/26 18:17
BRA,Brazil,AMRO,2000,FollowUp,MEASLES,6/15/00,,12-48 M,NATIONAL,Done,,16463800,99,,NO,,NO,NO,,9/3/26 18:17
BRA,Brazil,AMRO,2001,SpeedUp,MR,11/1/01,,12-39 Y,SUBNATIONAL,Done,15000000,14025000,93.5,,NO,,NO,NO,"1st Phase:- Sao Paulo, Santo Espirito, Paraiba, Pernambuco, Sergipe, Rio de Janeiro, Minas Gerais, Goias, Amazonas, Halagaos, Marrano, Rondonia, Acre",9/3/26 18:17
BRA,Brazil,AMRO,2002,SpeedUp,MR,6/15/02,7/5/02,12-39 Y,SUBNATIONAL,Done,15317940,14981810,95.5,,NO,,NO,NO,"2nd Phase - Rio Grande do Sul, Santa Catarina, Mato Grosso, Mato Grosso do Sul, Para, Roraima, Amapa, Tocantins, Bahia, Ceara, Piaui",9/3/26 18:17
BRA,Brazil,AMRO,2004,FollowUp,MR,8/21/04,,1-4 Y,NATIONAL,Done,13769000,12777710,93,,NO,,NO,NO,NA,9/3/26 18:17
BRA,Brazil,AMRO,2008,SpeedUp,MR,8/9/08,,20-39 Y,NATIONAL,Done,70149020,67197650,96,,NO,,NO,NO,NA,9/3/26 18:17
BRA,Brazil,AMRO,2011,FollowUp,MEASLES,6/18/11,9/30/11,1-<7 Y,NATIONAL,Done,17094520,16813680,98,,NO,,NO,NO,,9/3/26 18:17
BRA,Brazil,AMRO,2014,FollowUp,MEASLES,11/8/14,12/31/14,1-4 Y,NATIONAL,Done,10990800,9805102,89,,NO,,NO,NO,,9/3/26 18:17
BRA,Brazil,AMRO,2018,Campaign,MEASLES,8/6/18,8/31/18,1 -<5 Y,NATIONAL,Done,11213280,10976750,98,polio,NO,,NO,NO,Campaña Nacional de Vacunación contra polimielite y sarmapión,9/3/26 18:17
BRA,Brazil,AMRO,2019,Campaign,MMR,6/10/19,7/12/19,15-29 Y,SUBNATIONAL,Done,273648,44844,16,,NO,,NO,NO,Intensificação da vacinação contra o sarampo-Pará,9/3/26 18:17
BRA,Brazil,AMRO,2019,Campaign,MMR,6/10/19,7/12/19,15-29 Y,SUBNATIONAL,Done,2900000,1886780,65,,NO,,NO,NO,Intensificação da vacinação contra o sarampo-São paulo,9/3/26 18:17
BRA,Brazil,AMRO,2019,Campaign,MMR,10/7/19,10/23/19,6 M-< 5 Y,NATIONAL,Done,2611005,737271,28,,NO,,NO,NO,Intensificação da vacinação de rotina contra o sarampo,9/3/26 18:17
BRA,Brazil,AMRO,2019,Campaign,MMR,11/18/19,11/30/19,20-29 Y,NATIONAL,Done,9427379,2340299,25,,NO,,NO,NO,Intensificação da vacinação de rotina contra o sarampo,9/3/26 18:17
BRA,Brazil,AMRO,2020,Campaign,MMR,2/10/20,3/13/20,5-19 Y,NATIONAL,Done,3036523,95012,3.1,,NO,,NO,NO,Atualização da situação vacinal contra o sarampo,9/3/26 18:17
BRA,Brazil,AMRO,2020,Campaign,MMR,8/3/20,9/25/20,6-59 M,SUBNATIONAL,Done,930316,260406,28,,NO,,NO,NO,Varredura em 17 municípios prioritários do Pará,9/3/26 18:17
BRA,Brazil,AMRO,2020,Campaign,MR,3/23/20,10/31/20,<15 Y,NATIONAL,Done,97145050,38411520,39.5,,NO,,NO,NO,,9/3/26 18:17
BRA,Brazil,AMRO,2022,FollowUp,MR,2022-05,2022-06,6 M-5 Y,NATIONAL,Done,12927080,6204998,48,,NO,,NO,NO,multi vaccine campaign,9/3/26 18:17
BRB,Barbados,AMRO,2004,VACWEEK,MMR,4/1/04,5/1/04,unknown,NATIONAL,Done,,,,,NO,,NO,NO,,9/3/26 18:17
BRB,Barbados,AMRO,2007,Campaign,MMR,1/1/07,,unknown,NATIONAL,Done,100,92,92,,NO,,NO,NO,,9/3/26 18:17
BRB,Barbados,AMRO,2014,Campaign,MMR,5/3/14,,<5 Y,NATIONAL,Done,500,10,2,,NO,,NO,NO,VWA,9/3/26 18:17
BRB,Barbados,AMRO,2019,Campaign,MMR,2019,,1-4 Y,NATIONAL,Done,750,583,77.7,,NO,,NO,NO,,9/3/26 18:17
BTN,Bhutan,SEARO,2000,FollowUp,MEASLES,1/1/00,,0 M-14 Y,SUBNATIONAL,Done,214128,214128,100,,NO,,NO,NO,20 districts,9/3/26 18:17
BTN,Bhutan,SEARO,2006,CatchUp,MR,3/16/06,3/21/06,9 M-44 Y,NATIONAL,Done,338040,332041,98,,NO,,NO,NO,,9/3/26 18:17
BTN,Bhutan,SEARO,2016,Campaign,MR,11/23/16,,,SUBNATIONAL,Done,418,418,100,,NO,,NO,NO,,9/3/26 18:17
BTN,Bhutan,SEARO,2017,FollowUp,MR,8/1/17,8/14/17,9 M- 40 Y,NATIONAL,Done,267280,263337,99,,NO,,NO,NO,,9/3/26 18:17
BTN,Bhutan,SEARO,2018,CatchUp,MR,10/1/18,,9 M-45 Y,SUBNATIONAL,Done,100000,14698,14.698,,NO,,NO,NO,"Up to March 2019,selected high risk areas",9/3/26 18:17
BTN,Bhutan,SEARO,2025,CatchUp-SIA,MR,4/28/25,,9 M-15 Y,SUBNATIONAL,Done,1683,1654,98.28,,,,,,,9/3/26 18:17
BWA,Botswana,AFRO,2001,FollowUp,MEASLES,5/28/01,,9-59 M,NATIONAL,Done,700000,,,,NO,,NO,NO,,9/3/26 18:17
BWA,Botswana,AFRO,2005,FollowUp,MEASLES,10/3/05,10/7/05,9-59 M,NATIONAL,Done,180450,179587,99.5,,NO,,NO,NO,,9/3/26 18:17
BWA,Botswana,AFRO,2009,FollowUp,MEASLES,11/9/09,11/15/09,9-59 M,NATIONAL,Done,171038,195841,115,,NO,,NO,NO,,9/3/26 18:17
BWA,Botswana,AFRO,2013,FollowUp,MEASLES,11/4/13,11/12/13,9-59 M,NATIONAL,Done,209969,198341,94,,YES,96,YES,NO,,9/3/26 18:17
BWA,Botswana,AFRO,2016,CatchUp,MR,7/25/16,8/12/16,9 M-14 Y,NATIONAL,Done,706504,674150,95,VitA(6-59M); deworming(Albenzadole:12-59M),YES,97,YES,YES,2 weeks: 1st week: 9M-5Y and 2nd week: 6-14Y,9/3/26 18:17
BWA,Botswana,AFRO,2021,FollowUp,MR,2/1/21,2/19/21,9-59 M,NATIONAL,Done,236845,215423,90.96,,NO,,NO,NO,,9/3/26 18:17
BWA,Botswana,AFRO,2026,FollowUp,MR,2026-11,,9-59 M,NATIONAL,Planned,223959,,,VitA; deworming,,,,,,9/3/26 18:17
CAF,Central African Republic,AFRO,2005,CatchUp,MEASLES,10/24/05,10/30/05,9 M-15 Y,Rollover-National,Done,1302531,1183583,91,,NO,,NO,NO,70% of country,9/3/26 18:17
CAF,Central African Republic,AFRO,2006,CatchUp,MEASLES,1/31/06,2/5/06,9 M-15 Y,Rollover-National,Done,545183,515956,96,,NO,,NO,NO,30% country,9/3/26 18:17
CAF,Central African Republic,AFRO,2008,FollowUp,MEASLES,12/15/08,12/30/08,6-59 M,NATIONAL,Done,669017,683302,102,,YES,89,YES,NO,,9/3/26 18:17
CAF,Central African Republic,AFRO,2011,FollowUp,MEASLES,4/11/11,4/17/11,9-47 M,NATIONAL,Done,612030,515452,84,,NO,,NO,NO,,9/3/26 18:17
CAF,Central African Republic,AFRO,2013,FollowUp,MEASLES,5/16/13,5/26/13,9-59 M,SUBNATIONAL,Done,123779,123049,99,,NO,,NO,NO,,9/3/26 18:17
CAF,Central African Republic,AFRO,2013,FollowUp,MEASLES,6/16/13,6/21/13,9-59 M,SUBNATIONAL,Done,120068,69555,58,,NO,,NO,NO,,9/3/26 18:17
CAF,Central African Republic,AFRO,2013,FollowUp,MEASLES,9/30/13,10/5/13,9-59 M,SUBNATIONAL,Done,315700,288058,92,,NO,,NO,NO,"Phase 1: Regions 1,2,3,7",9/3/26 18:17
CAF,Central African Republic,AFRO,2013,FollowUp,MEASLES,11/27/13,12/2/13,6-59 M,SUBNATIONAL,Done,209223,183823,88,,NO,,NO,YES,"Phase 2: Regions 4,5,6",9/3/26 18:17
CAF,Central African Republic,AFRO,2015,OR,MEASLES,7/1/15,,0-10 Y,SUBNATIONAL,Done,26172,24413,93,,NO,,NO,NO,,9/3/26 18:17
CAF,Central African Republic,AFRO,2016,FollowUp,MEASLES,5/18/16,5/22/16,6 M-10 Y,SUBNATIONAL,Done,544399,436163,80,VitA; deworming,NO,,NO,NO,"include VitA supplementation 6-59 months and deworming for 12-59 months - 
First phase: 29 April-3 May 2016;
Second phase: 20-24 May 2016",9/3/26 18:17
CAF,Central African Republic,AFRO,2016,FollowUp,MEASLES,6/24/16,6/28/16,6 M-10 Y,SUBNATIONAL,Done,1272135,1093278,86,,NO,,NO,NO,,9/3/26 18:17
CAF,Central African Republic,AFRO,2017,Campaign,MEASLES,4/1/17,,6 M-14 Y,SUBNATIONAL,Done,28679,28155,98,,NO,,NO,NO,,9/3/26 18:17
CAF,Central African Republic,AFRO,2017,Campaign,MEASLES,5/1/17,,6 M-14 Y,SUBNATIONAL,Done,48678,63823,131,VitA; deworming,NO,,NO,NO,,9/3/26 18:17
CAF,Central African Republic,AFRO,2019,Campaign,MEASLES,9/16/19,9/18/19,6-59 M,SUBNATIONAL,Done,171752,225600,131,,NO,,NO,NO,JLV,9/3/26 18:17
CAF,Central African Republic,AFRO,2019,FollowUp,MEASLES,12/4/19,12/8/19,6-59 M,SUBNATIONAL,Done,837841,,98,polio,NO,,NO,NO,first phase December in 7 districts (5 currently in outbreak situation – these are to be prioritized); second phase to start 24 January 2020,9/3/26 18:17
CAF,Central African Republic,AFRO,2019,OR,MEASLES,4/18/19,5/5/19,6-59 M,SUBNATIONAL,Done,34022,21754,64,,NO,,NO,NO,,9/3/26 18:17
CAF,Central African Republic,AFRO,2020,Campaign,MEASLES,3/14/20,3/18/20,6 M-10 Y,SUBNATIONAL,Done,632056,607560,96.1,VitA; deworming,NO,,NO,YES,JLV,9/3/26 18:17
CAF,Central African Republic,AFRO,2020,FollowUp,MEASLES,8/10/20,8/14/20,6 M-10 Y,NATIONAL,Done,1209256,1155488,95.6,VitA; deworming,YES,95.5,YES,YES,JLV,9/3/26 18:17
CAF,Central African Republic,AFRO,2023,FollowUp,MEASLES,12/15/23,12/19/23,6-59 M,NATIONAL,Done,1240478,1311317,105.7,VitA; deworming; COVID-19,YES,82.3,NO,NO,,9/3/26 18:17
CAF,Central African Republic,AFRO,2025,FollowUp,MEASLES,11/21/25,11/26/25,6-59 M,NATIONAL,Done,1335862,1384168,104,polio; vitA; deworming; routine catch-up,,,,,,9/3/26 18:17
CAF,Central African Republic,AFRO,2026,OR,MR,4/10/26,,,SUBNATIONAL,Done,,,,Polio,,,,,,9/3/26 18:17
CAF,Central African Republic,AFRO,2027,FollowUp,MEASLES,2027,,9-59 M,NATIONAL,Planned,984810,,,,,,,,,9/3/26 18:17
CHL,Chile,AMRO,2001,FollowUp,MEASLES,2001,,1-4 Y,NATIONAL,Done,1161118,1152990,99,,NO,,NO,NO,,9/3/26 18:17
CHL,Chile,AMRO,2005,FollowUp,MR,2005,,1-5 Y,NATIONAL,Done,989823,922430,93,,NO,,NO,NO,NA,9/3/26 18:17
CHL,Chile,AMRO,2007,CatchUp,MR,11/5/07,12/14/07,19-29 Y,NATIONAL,Done,1400000,1348315,92.3,,NO,,NO,NO,Men only,9/3/26 18:17
CHL,Chile,AMRO,2015,FollowUp,MR,10/1/15,12/23/15,1-5 Y,NATIONAL,Done,1240584,1023997,83,,NO,,NO,YES,,9/3/26 18:17
CHL,Chile,AMRO,2020,FollowUp,MMR,12/1/20,,1- 5 Y,NATIONAL,Done,1194649,805159,67.4,,NO,,NO,NO,,9/3/26 18:17
CHL,Chile,AMRO,2025,Campaign,M_MMR,2025-08,,School-age,NATIONAL,Planned,250000,,,,,,,,,9/3/26 18:17
CHN,China,WPRO,2003,CatchUp,MEASLES,11/1/03,11/15/03,8 M-12 Y,SUBNATIONAL,Done,831600,819732,98.57,,NO,,NO,NO,9 prefectures in Guizhou,9/3/26 18:17
CHN,China,WPRO,2004,CatchUp,MEASLES,11/10/04,11/25/04,8 M-12 Y,SUBNATIONAL,Done,10000000,7791796,98.1,,NO,,NO,NO,9 prefectures / Guizhou province,9/3/26 18:17
CHN,China,WPRO,2005,CatchUp,MEASLES,1/1/05,4/30/05,8 M-14 Y,SUBNATIONAL,Done,4222349,4032343,95.5,,NO,,NO,NO,,9/3/26 18:17
CHN,China,WPRO,2005,CatchUp,MEASLES,3/1/05,11/30/05,1-14 Y,SUBNATIONAL,Done,5193749,4300424,82.8,,NO,,NO,NO,,9/3/26 18:17
CHN,China,WPRO,2005,CatchUp,MEASLES,5/1/05,6/30/05,8 M-25 Y,SUBNATIONAL,Done,2410000,2289500,95,,NO,,NO,NO,,9/3/26 18:17
CHN,China,WPRO,2005,CatchUp,MEASLES,9/1/05,9/30/05,8 M-14 Y,SUBNATIONAL,Done,8000000,4800000,60,,NO,,NO,NO,,9/3/26 18:17
CHN,China,WPRO,2006,CatchUp,MEASLES,3/1/06,5/1/06,8 M-14 Y,SUBNATIONAL,Done,6200000,5900000,95,,NO,,NO,NO,,9/3/26 18:17
CHN,China,WPRO,2007,CatchUp,MEASLES,9/19/07,9/21/07,8 M-14 Y,SUBNATIONAL,Done,20400000,20100000,99,,NO,,NO,NO,Sichuan,9/3/26 18:17
CHN,China,WPRO,2008,CatchUp,MEASLES,3/1/08,12/1/08,8 M-14 Y,SUBNATIONAL,Done,35705380,34983580,97,,NO,,NO,NO,"Sichuan, Yunan, Gansu. Zhejiang, Tianjin 6 Shanxi Provinces",9/3/26 18:17
CHN,China,WPRO,2008,FollowUp,MEASLES,11/1/08,12/1/08,8 M-6 Y,SUBNATIONAL,Done,11842830,11570750,97,,NO,,NO,NO,"Guizhou, Shandong & Xinjiang  Province",9/3/26 18:17
CHN,China,WPRO,2009,CatchUp,MEASLES,3/1/09,10/31/09,8 M-14 Y,SUBNATIONAL,Done,96487580,94167420,98,,NO,,NO,NO,+8M-6Y,9/3/26 18:17
CHN,China,WPRO,2009,CatchUp,MEASLES,4/20/09,4/26/09,8 M-14 Y,SUBNATIONAL,Done,5114101,5008565,98,,NO,,NO,NO,Chongqing City (province level),9/3/26 18:17
CHN,China,WPRO,2010,CatchUp,MEASLES,9/11/10,9/30/10,8 M-4 Y,NATIONAL,Done,106060900,102300000,95,,NO,,NO,NO,All provinces conducted at the same time,9/3/26 18:17
CIV,Côte d'Ivoire,AFRO,2003,CatchUp,MEASLES,4/1/03,5/1/03,6 M-14 Y,SUBNATIONAL,Done,426132,340908,80,,NO,,NO,NO,,9/3/26 18:17
CIV,Côte d'Ivoire,AFRO,2003,CatchUp,MEASLES,11/1/03,12/1/03,6 M-14 Y,SUBNATIONAL,Done,523152,467930,89.4,,NO,,NO,NO,,9/3/26 18:17
CIV,Côte d'Ivoire,AFRO,2005,CatchUp,MEASLES,8/18/05,8/27/05,9 M-14 Y,NATIONAL,Done,8997667,7894327,85,,YES,95,YES,YES,,9/3/26 18:17
CIV,Côte d'Ivoire,AFRO,2008,FollowUp,MEASLES,11/11/08,11/15/08,9-59 M,NATIONAL,Done,3229541,3081499,95,,YES,87,YES,NO,,9/3/26 18:17
CIV,Côte d'Ivoire,AFRO,2011,FollowUp,MEASLES,11/24/11,11/30/11,9-59 M,NATIONAL,Done,6157776,5820653,95,,YES,90.96,YES,YES,,9/3/26 18:17
CIV,Côte d'Ivoire,AFRO,2014,FollowUp,MEASLES,11/21/14,11/30/14,6 M-9 Y,NATIONAL,Done,10472130,9640512,92,"VitA, deworming",YES,95,YES,YES,AVS,9/3/26 18:17
CIV,Côte d'Ivoire,AFRO,2018,CatchUp,MR,1/26/18,2/4/18,9 M-14 Y,NATIONAL,Done,13386370,13161210,98.3,,YES,82,YES,YES,,9/3/26 18:17
CIV,Côte d'Ivoire,AFRO,2021,FollowUp,MR,10/15/21,10/24/21,9-59 M,NATIONAL,Done,6248567,5967964,95.5,IPV,YES,,YES,NO,,9/3/26 18:17
CIV,Côte d'Ivoire,AFRO,2024,FollowUp,MR,10/18/24,10/24/24,9-59 M,NATIONAL,Done,6846061,6723826,98.2,,YES,70.6,YES,,,9/3/26 18:17
CIV,Côte d'Ivoire,AFRO,2027,FollowUp,MR,2027,,9-59 M,NATIONAL,Planned,7446785,,,,,,,,,9/3/26 18:17
CMR,Cameroon,AFRO,2001,CatchUp,MEASLES,12/4/01,,9 M-14 Y,Rollover-National,Done,2999508,2789542,93,,NO,,NO,NO,3 / 10 provinces,9/3/26 18:17
CMR,Cameroon,AFRO,2002,CatchUp,MEASLES,12/2/02,12/11/02,9 M-14 Y,Rollover-National,Done,5083807,4570817,90,,NO,,NO,NO,rest of country (7/10 provinces),9/3/26 18:17
CMR,Cameroon,AFRO,2006,FollowUp,MEASLES,1/31/06,2/5/06,9-59 M,Rollover-National,Done,1262330,1249041,99,,NO,,NO,NO,In 2006: Province du Nord only,9/3/26 18:17
CMR,Cameroon,AFRO,2007,FollowUp,MEASLES,1/30/07,2/4/07,9-59 M,Rollover-National,Done,1884269,1763167,94,,NO,,NO,NO,7 Southern provinces,9/3/26 18:17
CMR,Cameroon,AFRO,2009,FollowUp,MEASLES,6/30/09,7/5/09,9-59 M,NATIONAL,Done,3435547,3315076,96,,NO,,NO,NO,,9/3/26 18:17
CMR,Cameroon,AFRO,2010,FollowUp,MEASLES,3/3/10,3/7/10,9-59 M,SUBNATIONAL,Done,16561,12576,76,,NO,,NO,NO,,9/3/26 18:17
CMR,Cameroon,AFRO,2010,FollowUp,MEASLES,5/1/10,6/3/10,9-59 M,SUBNATIONAL,Done,70360,78219,111,,NO,,NO,NO,,9/3/26 18:17
CMR,Cameroon,AFRO,2011,FollowUp,MEASLES,4/1/11,,9-59 M,SUBNATIONAL,Done,14626,15867,108,,NO,,NO,NO,,9/3/26 18:17
CMR,Cameroon,AFRO,2012,FollowUp,MEASLES,4/11/12,4/15/12,9-59 M,NATIONAL,Done,3507987,3570032,102,,YES,78,YES,NO,"27 March in 3 N. Regions, 23 April 2012 in 7 S Regions",9/3/26 18:17
CMR,Cameroon,AFRO,2015,CatchUp,MR,11/24/15,11/29/15,9 M-14 Y,NATIONAL,Done,9440692,9229739,98,,YES,89.1,YES,YES,,9/3/26 18:17
CMR,Cameroon,AFRO,2015,OR,MEASLES,8/1/15,,9 M+,SUBNATIONAL,Done,1005221,1492782,149,,NO,,NO,NO,,9/3/26 18:17
CMR,Cameroon,AFRO,2018,OR,MR,5/9/18,5/12/18,9-59 M,SUBNATIONAL,Done,81461,71932,88,,NO,,NO,NO,and 4-8/06/2018,9/3/26 18:17
CMR,Cameroon,AFRO,2019,FollowUp,MR,12/4/19,12/8/19,9-59 M,NATIONAL,Done,3339090,3086521,92.4,VitA; deworming,YES,70,YES,YES,,9/3/26 18:17
CMR,Cameroon,AFRO,2019,OR,MR,1/5/19,1/9/19,9-59 M,SUBNATIONAL,Done,52577,58886,112,,NO,,NO,NO,Riposte RR dans le DS de Kousseri,9/3/26 18:17
CMR,Cameroon,AFRO,2019,OR,MR,3/9/19,3/13/19,9-59 M,SUBNATIONAL,Done,67259,77550,115,,NO,,NO,NO,"Riposte RR dans les DS de Mada, Makary et Goulfey",9/3/26 18:17
CMR,Cameroon,AFRO,2019,OR,MR,6/28/19,7/1/19,9-59 M,SUBNATIONAL,Done,8282,8746,106,,NO,,NO,NO,Risposte RR dans le DS de Mokolo (Camp de réfugiés de Minawao),9/3/26 18:17
CMR,Cameroon,AFRO,2019,OR,MR,6/28/19,7/1/19,5-14 Y,SUBNATIONAL,Done,16727,13867,83,,NO,,NO,NO,Risposte RR dans le DS de Mokolo (Camp de réfugiés de Minawao),9/3/26 18:17
CMR,Cameroon,AFRO,2020,OR,MR,7/7/20,7/24/20,0-24 M,SUBNATIONAL,Done,315317,243676,77.28,VitA,NO,,NO,NO,,9/3/26 18:17
CMR,Cameroon,AFRO,2021,OR,MR,12/1/21,12/5/21,6 M-9 Y,SUBNATIONAL,Done,891456,820300,92,,NO,,NO,NO,,9/3/26 18:17
CMR,Cameroon,AFRO,2022,OR,M_MR,8/30/22,9/3/22,6 M-9 Y,SUBNATIONAL,Done,320616,320017,99.8,,,,,,,9/3/26 18:17
CMR,Cameroon,AFRO,2022,OR,M_MR,10/5/22,10/9/22,6 M-9 Y,SUBNATIONAL,Done,1179372,1119550,94.928,,,,,YES,,9/3/26 18:17
CMR,Cameroon,AFRO,2023,FollowUp,M_MR,7/5/23,7/9/23,9-59 M,NATIONAL,Done,5564940,5252141,94.38,VitA; deworming,YES,69.5,YES,NO,,9/3/26 18:17
CMR,Cameroon,AFRO,2025,OR,MEASLES,1/2/25,1/6/25,6-59 M,SUBNATIONAL,Done,134242,150338,111.99,,,,,,,9/3/26 18:17
CMR,Cameroon,AFRO,2025,OR,MEASLES,8/13/25,8/17/25,9 M-14 Y,SUBNATIONAL,Done,625192,599926,95.96,,,,,,,9/3/26 18:17
CMR,Cameroon,AFRO,2025,OR,MEASLES,8/29/25,9/1/25,9 M-14 Y,SUBNATIONAL,Done,13595,12099,88.99,,,,,,,9/3/26 18:17
CMR,Cameroon,AFRO,2025,OR,MEASLES,12/26/25,12/30/25,6-59 M,SUBNATIONAL,Done,28724,36459,126.93,,,,,,,9/3/26 18:17
CMR,Cameroon,AFRO,2026,FollowUp,MR,9/16/26,9/20/26,9-59 M,NATIONAL,Planned,6122088,,,polio,,,,,,9/3/26 18:17
COD,Democratic Republic of the Congo,AFRO,2000,FollowUp,MEASLES,9/15/00,,9-59 M,SUBNATIONAL,Done,1926879,1395451,72.4,,NO,,NO,NO,40% of total population; in zones not done last year,9/3/26 18:17
COD,Democratic Republic of the Congo,AFRO,2002,CatchUp,MEASLES,12/13/02,,6 M-15 Y,Rollover-National,Done,5774245,5554824,96.2,,NO,,NO,NO,2 provinces,9/3/26 18:17
COD,Democratic Republic of the Congo,AFRO,2003,CatchUp,MEASLES,1/23/03,,6 M-15 Y,Rollover-National,Done,100000,108000,108,,NO,,NO,NO,Bunia,9/3/26 18:17
COD,Democratic Republic of the Congo,AFRO,2004,CatchUp,MEASLES,10/6/04,10/10/04,6 M-15 Y,Rollover-National,Done,10055520,8604754,86,,NO,,NO,NO,,9/3/26 18:17
COD,Democratic Republic of the Congo,AFRO,2005,CatchUp,MEASLES,10/6/05,10/10/05,6 M-15 Y,Rollover-National,Done,7817076,6957653,89,,NO,,NO,YES,"vaccine delivered in Jun/Jul05. the 17m figure is for entire country. Provinces involved in campaign: Boende, Bumba, Gbadolite, Gemena, Lisala, Mbandaka, Bunia, Buta, Isiro, Kisangani, Lokutu",9/3/26 18:17
COD,Democratic Republic of the Congo,AFRO,2006,CatchUp,MEASLES,11/8/06,12/16/06,6 M-15 Y,SUBNATIONAL,Done,7164815,6966200,96.5,,NO,,NO,NO,"Bas-Congo, Kinshasa and Bandundu 87 Health Zones",9/3/26 18:17
COD,Democratic Republic of the Congo,AFRO,2006,FollowUp,MEASLES,5/24/06,10/29/06,6-59 M,SUBNATIONAL,Done,2189069,2158329,98.5,,NO,,NO,NO,North Kivu,9/3/26 18:17
COD,Democratic Republic of the Congo,AFRO,2007,FollowUp,MEASLES,8/29/07,9/2/07,6-59 M,NATIONAL,Done,3736672,3768794,101,,NO,,NO,NO,"August 29 - Sept. 2 Katanga, Kasai Occidental Provinces - 21-25 sept: 4 districts",9/3/26 18:17
COD,Democratic Republic of the Congo,AFRO,2008,FollowUp,MEASLES,11/25/08,11/29/08,6-59 M,Rollover-National,Done,2852430,2811092,99,,NO,,NO,NO,Orientale and Equator provinces,9/3/26 18:17
COD,Democratic Republic of the Congo,AFRO,2009,FollowUp,MEASLES,11/10/09,11/14/09,6-59 M,Rollover-National,Done,2593478,2412168,93,,NO,,NO,NO,,9/3/26 18:17
COD,Democratic Republic of the Congo,AFRO,2010,FollowUp,MEASLES,1/20/10,1/24/10,6-59 M,Rollover-National,Done,1226792,1259363,102.7,,NO,,NO,NO,Bandundu,9/3/26 18:17
COD,Democratic Republic of the Congo,AFRO,2011,Campaign,MEASLES,4/1/11,,6-59 M,SUBNATIONAL,Done,415909,430571,104,,NO,,NO,NO,Kasai Occidental,9/3/26 18:17
COD,Democratic Republic of the Congo,AFRO,2011,FollowUp,MEASLES,2/1/11,,6-59 M,SUBNATIONAL,Done,1673147,1701315,101,,NO,,NO,NO,Katanna,9/3/26 18:17
COD,Democratic Republic of the Congo,AFRO,2011,FollowUp,MEASLES,3/1/11,,6-59 M,SUBNATIONAL,Done,2672338,2649574,99,,NO,,NO,NO,Sud Kivu,9/3/26 18:17
COD,Democratic Republic of the Congo,AFRO,2011,FollowUp,MEASLES,5/1/11,,6-59 M,SUBNATIONAL,Done,5227315,4864554,94,,NO,,NO,NO,81 ZS Katanna,9/3/26 18:17
COD,Democratic Republic of the Congo,AFRO,2011,FollowUp,MEASLES,6/1/11,,6-59 M,SUBNATIONAL,Done,272392,266811,98,,NO,,NO,NO,Kasai Oriental,9/3/26 18:17
COD,Democratic Republic of the Congo,AFRO,2012,FollowUp,MEASLES,1/24/12,1/28/12,6-59 M,SUBNATIONAL,Done,1253230,1239803,99,,NO,,NO,NO,Bandundu,9/3/26 18:17
COD,Democratic Republic of the Congo,AFRO,2012,FollowUp,MEASLES,1/24/12,1/28/12,6-59 M,SUBNATIONAL,Done,845002,948237,112,,NO,,NO,NO,Nord Kivu,9/3/26 18:17
COD,Democratic Republic of the Congo,AFRO,2012,FollowUp,MEASLES,1/24/12,1/28/12,6-59 M,SUBNATIONAL,Done,314283,303786,97,,NO,,NO,NO,Bas-Congo,9/3/26 18:17
COD,Democratic Republic of the Congo,AFRO,2012,FollowUp,MEASLES,8/22/12,8/26/12,6-59 M,SUBNATIONAL,Done,170530,175467,103,,NO,,NO,NO,Nord Kivu,9/3/26 18:17
COD,Democratic Republic of the Congo,AFRO,2012,OR,MEASLES,1/24/12,1/28/12,6-59 M,SUBNATIONAL,Done,127059,129000,102,,NO,,NO,NO,Bandundu,9/3/26 18:17
COD,Democratic Republic of the Congo,AFRO,2012,OR,MEASLES,1/24/12,1/28/12,6 M-14 Y,SUBNATIONAL,Done,266410,284592,107,,NO,,NO,NO,Nord Kivu,9/3/26 18:17
COD,Democratic Republic of the Congo,AFRO,2012,OR,MEASLES,1/24/12,1/28/12,6 M-14 Y,SUBNATIONAL,Done,530745,530149,100,,NO,,NO,YES,Bas Congo,9/3/26 18:17
COD,Democratic Republic of the Congo,AFRO,2012,OR,MEASLES,3/7/12,3/11/12,6-59 M,SUBNATIONAL,Done,460542,478588,103,,NO,,NO,NO,Kasai Oriental,9/3/26 18:17
COD,Democratic Republic of the Congo,AFRO,2012,OR,MEASLES,8/21/12,8/25/12,6-59 M,SUBNATIONAL,Done,335216,348176,104,,NO,,NO,NO,Kasai Occidental,9/3/26 18:17
COD,Democratic Republic of the Congo,AFRO,2012,OR,MEASLES,8/22/12,8/26/12,6-59 M,SUBNATIONAL,Done,917209,924500,101,,NO,,NO,NO,Katanga,9/3/26 18:17
COD,Democratic Republic of the Congo,AFRO,2012,OR,MEASLES,8/22/12,8/26/12,6-59 M,SUBNATIONAL,Done,84646,81247,96,,YES,,YES,NO,Maniema,9/3/26 18:17
COD,Democratic Republic of the Congo,AFRO,2012,OR,MEASLES,9/11/12,9/15/12,6-59 M,SUBNATIONAL,Done,506886,477066,94,,NO,,NO,NO,Equateur,9/3/26 18:17
COD,Democratic Republic of the Congo,AFRO,2012,OR,MEASLES,10/4/12,10/8/12,6 M-14 Y,SUBNATIONAL,Done,81521,82842,102,,NO,,NO,NO,Bas-Congo,9/3/26 18:17
COD,Democratic Republic of the Congo,AFRO,2012,OR,MEASLES,10/29/12,11/3/12,6-59 M,SUBNATIONAL,Done,482120,507034,105,,NO,,NO,NO,Bandundu,9/3/26 18:17
COD,Democratic Republic of the Congo,AFRO,2012,OR,MEASLES,11/13/12,11/20/12,6-59 M,SUBNATIONAL,Done,65107,67152,103,,NO,,NO,YES,Kasai Oriental,9/3/26 18:17
COD,Democratic Republic of the Congo,AFRO,2013,FollowUp,MEASLES,9/24/13,9/28/13,6 M-9 Y,SUBNATIONAL,Done,6794574,6813783,100,,YES,96,YES,YES,"Equateur, Pr. Orientale",9/3/26 18:17
COD,Democratic Republic of the Congo,AFRO,2013,FollowUp,MEASLES,12/10/13,12/14/13,6 M-9 Y,SUBNATIONAL,Done,4087697,4213293,103,,NO,,NO,YES,Nord & Sud Kivu,9/3/26 18:17
COD,Democratic Republic of the Congo,AFRO,2013,OR,MEASLES,1/1/13,1/31/13,6 M-14 Y,SUBNATIONAL,Done,1179992,1133601,96,,NO,,NO,NO,N. Kivu,9/3/26 18:17
COD,Democratic Republic of the Congo,AFRO,2013,OR,MEASLES,2/25/13,2/28/13,6 M-14 Y,SUBNATIONAL,Done,662170,680128,103,,NO,,NO,NO,Bandundu & Maniema,9/3/26 18:17
COD,Democratic Republic of the Congo,AFRO,2013,OR,MEASLES,3/4/13,3/8/13,6 M-14 Y,SUBNATIONAL,Done,215654,215857,100,,NO,,NO,NO,Equateur,9/3/26 18:17
COD,Democratic Republic of the Congo,AFRO,2013,OR,MEASLES,4/23/13,4/27/13,6 M-14 Y,SUBNATIONAL,Done,382745,385736,101,,NO,,NO,NO,Equateur,9/3/26 18:17
COD,Democratic Republic of the Congo,AFRO,2013,OR,MEASLES,10/22/13,10/27/13,6 M-14 Y,SUBNATIONAL,Done,28423,26045,91.6,,NO,,NO,NO,Kasai Occ.,9/3/26 18:17
COD,Democratic Republic of the Congo,AFRO,2013,OR,MEASLES,10/28/13,11/1/13,6 M-14 Y,SUBNATIONAL,Done,1136341,1165753,103,,NO,,NO,NO,Bandundu & Kasai Occ.,9/3/26 18:17
COD,Democratic Republic of the Congo,AFRO,2013,OR,MEASLES,10/30/13,11/4/13,6 M-10 Y,SUBNATIONAL,Done,42813,31427,73.4,,NO,,NO,NO,Kasai Occ.,9/3/26 18:17
COD,Democratic Republic of the Congo,AFRO,2014,FollowUp,MEASLES,3/18/14,3/22/14,6 M-9 Y,SUBNATIONAL,Done,5346158,5482612,103,,NO,,NO,YES,"Phase 2: Katanga + Maniema
Target: 4469008 + 776491 
Reached: 4760294 + 836906 
Coverage: (K: 106.5%; M: 107,8%) overall 107%",9/3/26 18:17
COD,Democratic Republic of the Congo,AFRO,2014,FollowUp,MEASLES,5/27/14,5/31/14,6 M-9 Y,SUBNATIONAL,Done,6137295,6211685,101,,NO,,NO,YES,"Phase 2: Kasai Occ., Kasai Oriental",9/3/26 18:17
COD,Democratic Republic of the Congo,AFRO,2014,FollowUp,MEASLES,6/24/14,6/28/14,6 M-9 Y,SUBNATIONAL,Done,2883624,2803550,97,,NO,,NO,YES,Kinshasa,9/3/26 18:17
COD,Democratic Republic of the Congo,AFRO,2014,FollowUp,MEASLES,7/29/14,8/2/14,6 M-9 Y,SUBNATIONAL,Done,1196822,1163251,97,,NO,,YES,YES,Bas Congo & Bandundu,9/3/26 18:17
COD,Democratic Republic of the Congo,AFRO,2014,FollowUp,MEASLES,8/5/14,8/9/14,6 M-9 Y,SUBNATIONAL,Done,2858403,2878785,101,,NO,,NO,YES,Bandundu,9/3/26 18:17
COD,Democratic Republic of the Congo,AFRO,2015,OR,MEASLES,3/1/15,4/30/15,6-59 M,SUBNATIONAL,Done,98223,100061,102,,NO,,NO,NO,"Equateur, 3 ZS, 24 AS",9/3/26 18:17
COD,Democratic Republic of the Congo,AFRO,2015,OR,MEASLES,3/4/15,3/8/15,6-59 M,SUBNATIONAL,Done,76222,81922,107,,NO,,NO,NO,"S. Kivu, 1 ZS (Kalehe), 16 AS",9/3/26 18:17
COD,Democratic Republic of the Congo,AFRO,2015,OR,MEASLES,3/16/15,3/20/15,6-59 M,SUBNATIONAL,Done,188016,187160,100,,NO,,NO,NO,"N. Kivu, 1 ZS (Mweso), 23 AS",9/3/26 18:17
COD,Democratic Republic of the Congo,AFRO,2015,OR,MEASLES,4/15/15,4/19/15,6-59 M,SUBNATIONAL,Done,44487,44314,100,,NO,,NO,NO,"Katanga, 1 ZS (Kabondo Dianda)",9/3/26 18:17
COD,Democratic Republic of the Congo,AFRO,2015,OR,MEASLES,5/1/15,5/31/15,6-59 M,SUBNATIONAL,Done,68458,70693,103,,NO,,NO,NO,,9/3/26 18:17
COD,Democratic Republic of the Congo,AFRO,2015,OR,MEASLES,5/1/15,5/31/15,6 M-10 Y,SUBNATIONAL,Done,101610,101179,100,,NO,,NO,NO,"Katanga, 1 ZS (Malemba Nkulu)",9/3/26 18:17
COD,Democratic Republic of the Congo,AFRO,2015,OR,MEASLES,5/1/15,6/30/15,6-59 M,SUBNATIONAL,Done,106453,109979,103,,NO,,NO,NO,"Katanga, 1 ZS (Kilwa)",9/3/26 18:17
COD,Democratic Republic of the Congo,AFRO,2015,OR,MEASLES,5/26/15,6/3/15,6-59 M,SUBNATIONAL,Done,103413,83273,81,,NO,,NO,NO,"S Kivu, 1 ZS (Bunyakiri)",9/3/26 18:17
COD,Democratic Republic of the Congo,AFRO,2015,OR,MEASLES,7/1/15,7/31/15,6 M-15 Y,SUBNATIONAL,Done,102746,104900,102,,NO,,NO,NO,"Maniema, 1 ZS (Kasongo)",9/3/26 18:17
COD,Democratic Republic of the Congo,AFRO,2015,OR,MEASLES,7/1/15,7/31/15,6-59 M,SUBNATIONAL,Done,47360,43024,91,,NO,,NO,NO,"Katanga, 1 ZS (Nyunzu)",9/3/26 18:17
COD,Democratic Republic of the Congo,AFRO,2015,OR,MEASLES,9/1/15,9/5/15,6 M-14 Y,SUBNATIONAL,Done,59948,58739,98,,NO,,NO,NO,"Katange, 1 ZS (Nyemba)",9/3/26 18:17
COD,Democratic Republic of the Congo,AFRO,2015,OR,MEASLES,12/11/15,12/15/15,6 M-15 Y,SUBNATIONAL,Done,532036,601201,113,,NO,,NO,NO,N Kivu,9/3/26 18:17
COD,Democratic Republic of the Congo,AFRO,2015,OR,MEASLES,12/15/15,12/19/15,6 M-15 Y,SUBNATIONAL,Done,706792,706792,100,,NO,,NO,NO,K Or,9/3/26 18:17
COD,Democratic Republic of the Congo,AFRO,2015,OR,MEASLES,12/15/15,12/19/15,6 M-15 Y,SUBNATIONAL,Done,887137,993593,112,,NO,,NO,NO,Katanga,9/3/26 18:17
COD,Democratic Republic of the Congo,AFRO,2016,FollowUp,MEASLES,8/27/16,8/31/16,6-59 M,SUBNATIONAL,Done,7081288,7212977,102,,NO,,NO,YES,"Phase 1 completed
Phase 2 and 3: 6 October until November 2016",9/3/26 18:17
COD,Democratic Republic of the Congo,AFRO,2016,FollowUp,MEASLES,10/6/16,10/10/16,6-59 M,SUBNATIONAL,Done,3725998,3708843,99.5,,NO,,NO,YES,"Phase 2: Kinshasa, Kongo Central, Kwango, Kwilu et Mai ndombe.",9/3/26 18:17
COD,Democratic Republic of the Congo,AFRO,2017,FollowUp,MEASLES,2/14/17,2/18/17,6-59 M,SUBNATIONAL,Done,5291916,5466923,103.5,,YES,89,YES,YES,"Phase 3: Haut Katanga, Lualaba, Haut Lomami, Tanganyika, Kasaï Central, Kasaï, Kasaï Oriental, Lomami, Sankuru
Partial results: 95.3%
campaign report pending",9/3/26 18:17
COD,Democratic Republic of the Congo,AFRO,2019,FollowUp,MEASLES,10/22/19,12/9/19,6-59 M,SUBNATIONAL,Done,18167926,18471370,101.6,,YES,87.5,YES,YES,Bloc 1: 22-26/10 - Bloc 2: 25-29/11 - Bloc 3: 5-9/12 (26 provinces),9/3/26 18:17
COD,Democratic Republic of the Congo,AFRO,2019,OR,MEASLES,4/23/19,8/30/19,6-59 M,SUBNATIONAL,Done,382027,534421,139.9,,NO,,NO,YES,Phase 2 - province de Kinshasa - aout 2019,9/3/26 18:17
COD,Democratic Republic of the Congo,AFRO,2019,OR,MEASLES,4/23/19,8/30/19,6-59 M,SUBNATIONAL,Done,2152496,2182329,101.4,,NO,,NO,YES,87 ZS - 328 aires de santé - 2 phases (avril 2019: 59 ZS),9/3/26 18:17
COD,Democratic Republic of the Congo,AFRO,2020,OR,MEASLES,3/12/20,3/16/20,6-59 M,SUBNATIONAL,Done,1026371,1100782,107.25,,NO,,NO,NO,Riposte contre l'épidémie de la rougeole dans 110 ZS,9/3/26 18:17
COD,Democratic Republic of the Congo,AFRO,2020,OR,MEASLES,4/5/20,4/9/20,6-59 M,SUBNATIONAL,Done,19249,19589,101.8,,NO,,NO,NO,Riposte contre l'épidémie de rougeole dans la ZS Bosobolo (Nord Ubangi),9/3/26 18:17
COD,Democratic Republic of the Congo,AFRO,2020,OR,MEASLES,4/16/20,4/20/20,6 M-10 Y,SUBNATIONAL,Done,42269,42471,100.48,,NO,,NO,NO,Riposte contre l'épidémie de la rougeole dans 9 ZS,9/3/26 18:17
COD,Democratic Republic of the Congo,AFRO,2020,OR,MEASLES,5/2/20,5/6/20,6-59 M,SUBNATIONAL,Done,3348,3279,97.9,,NO,,NO,NO,Riposte contre l'épidémie de la rougeole dans la ZS Yumbi (Maindombe),9/3/26 18:17
COD,Democratic Republic of the Congo,AFRO,2020,OR,MEASLES,5/13/20,5/24/20,,SUBNATIONAL,Done,54114,51671,95.5,,NO,,NO,NO,Riposte contre l'épidémie de rougeole dans la ZS Tshopo (Tshopo),9/3/26 18:17
COD,Democratic Republic of the Congo,AFRO,2020,OR,MEASLES,5/22/20,5/26/20,6 M-14 Y,SUBNATIONAL,Done,298886,296129,99.1,,NO,,NO,NO,Riposte contre l'épidémie de rougeole dans 6 ZS de Maindombe,9/3/26 18:17
COD,Democratic Republic of the Congo,AFRO,2020,OR,MEASLES,6/18/20,6/24/20,6-59 M,SUBNATIONAL,Done,4986,3654,73.3,,NO,,NO,NO,Riposte contre l'épidémie de la rougeole dans la ZS de Kikimi (Kinshasa),9/3/26 18:17
COD,Democratic Republic of the Congo,AFRO,2022,OR,M_MR,1/1/22,12/1/22,9 M-15 Y,SUBNATIONAL,Done,1507001,1483539,98.44,,NO,,NO,NO,,9/3/26 18:17
COD,Democratic Republic of the Congo,AFRO,2022,OR,M_MR,6/6/22,8/27/22,6-59 M,SUBNATIONAL,Done,3362659,3385476,100.68,,NO,,NO,NO,,9/3/26 18:17
COD,Democratic Republic of the Congo,AFRO,2023,FollowUp,MEASLES,8/22/23,8/27/23,6-59 M,NATIONAL,Done,6498658,6502128,100.1,,,,,,"Bloc2: Sankuru, Maniema, Ituri, Kasai Oriental, Equateur, Bas Uélé, Tanganyika, Lualaba, Tshuapa, Nord Ubangi, Sud Ubangi",9/3/26 18:17
COD,Democratic Republic of the Congo,AFRO,2023,FollowUp - Phased,MEASLES,5/9/23,5/13/23,6-59 M,NATIONAL,Done,6454490,6685176,103.6,,YES,,YES,,"Bloc1: Kinshasa, Mongala, Nord Kivu, Sud Kivu, tshopo",9/3/26 18:17
COD,Democratic Republic of the Congo,AFRO,2023,FollowUp - Phased,MEASLES,9/25/23,9/30/23,6-59 M,NATIONAL,Done,5273383,5333406,101.1,,YES,,YES,,"Bloc 3: Lumani, Kasai",9/3/26 18:17
COD,Democratic Republic of the Congo,AFRO,2025,CatchUp-SIA,MR,11/26/25,12/1/25,6 M-14 Y,SUBNATIONAL,Done,16568748,16370569,98.8,YF; OCV; OPV,,,,,Bloc 1,9/3/26 18:17
COD,Democratic Republic of the Congo,AFRO,2025,OR,MEASLES,8/21/25,9/8/25,6-59 M,SUBNATIONAL,Done,1984919,1987710,100.1,,,,,,,9/3/26 18:17
COD,Democratic Republic of the Congo,AFRO,2026,CatchUp,MR,8/4/26,,6 M-14 Y,NATIONAL,Planned,24791774,,,polio,,,,,Bloc 3,9/3/26 18:17
COG,Congo,AFRO,2004,CatchUp,MEASLES,10/29/04,11/19/04,6 M-14 Y,NATIONAL,Done,1753846,1356625,78,,NO,,NO,NO,,9/3/26 18:17
COG,Congo,AFRO,2004,MopUp,MEASLES,12/1/04,,6 M-14 Y,SUBNATIONAL,Done,,41556,,,NO,,NO,NO,rattrapage,9/3/26 18:17
COG,Congo,AFRO,2007,FollowUp,MEASLES,10/15/07,10/19/07,9-59 M,NATIONAL,Done,711232,677390,95,,NO,,NO,NO,,9/3/26 18:17
COG,Congo,AFRO,2010,FollowUp,MEASLES,12/20/10,12/24/10,9-59 M,NATIONAL,Done,700649,575940,82,,NO,,NO,YES,,9/3/26 18:17
COG,Congo,AFRO,2011,FollowUp,MEASLES,6/1/11,7/1/11,6 M-5 Y,SUBNATIONAL,Done,160818,153830,95,,NO,,NO,NO,,9/3/26 18:17
COG,Congo,AFRO,2011,FollowUp,MEASLES,10/26/11,11/1/11,9 M-2 Y,NATIONAL,Done,25796,20033,78,,NO,,NO,NO,,9/3/26 18:17
COG,Congo,AFRO,2013,FollowUp,MEASLES,12/17/13,12/21/13,6-59 M,NATIONAL,Done,794289,726979,92,,NO,,NO,YES,,9/3/26 18:17
COG,Congo,AFRO,2016,OR,MEASLES,8/14/16,8/18/16,6-59 M,SUBNATIONAL,Done,72599,45990,63,,NO,,NO,NO,,9/3/26 18:17
COG,Congo,AFRO,2016,OR,MEASLES,9/21/16,9/25/16,6-59 M,SUBNATIONAL,Done,322987,286817,89,VitA; deworming,NO,,NO,NO,Brazzaville,9/3/26 18:17
COG,Congo,AFRO,2016,OR,MEASLES,9/21/16,9/25/16,6-59 M,SUBNATIONAL,Done,55571,47626,86,VitA; deworming,NO,,NO,NO,Pool,9/3/26 18:17
COG,Congo,AFRO,2019,FollowUp,MR,3/5/19,3/10/19,9 M-14 Y,NATIONAL,Done,2332084,2259392,97,VitA; deworming,NO,,NO,NO,Campagne Nationale  de vaccination cpntre la rougeole et la rubéole,9/3/26 18:17
COG,Congo,AFRO,2020,CatchUp,MR,10/30/20,11/5/20,0-11 M,NATIONAL,Done,83241,29294,35.2,VitA; TT,NO,,NO,NO,,9/3/26 18:17
COG,Congo,AFRO,2022,Campaign,MR,8/5/22,8/14/22,6 M- 9 Y,NATIONAL,Done,1600115,1726391,107.89,YF; VitA,NO,,NO,NO,,9/3/26 18:17
COG,Congo,AFRO,2025,FollowUp,MR,12/10/25,12/14/25,9-59 M,NATIONAL,Done,855346,810342,94.7,VitA,NO,,NO,NO,,9/3/26 18:17
COK,Cook Islands,WPRO,2001,FollowUp,MEASLES,9/1/01,,12-59 M,NATIONAL,Done,,,,,NO,,NO,NO,,9/3/26 18:17
COK,Cook Islands,WPRO,2006,CatchUp,MR,3/13/06,,1-35 Y,NATIONAL,Done,6145,5554,90,,NO,,NO,NO,NA M = 1-15 Y & F = 1-35 Y,9/3/26 18:17
COK,Cook Islands,WPRO,2007,Campaign,MR,2007,,1-35 Y,SUBNATIONAL,Done,596,570,96,,NO,,NO,NO,,9/3/26 18:17
COL,Colombia,AMRO,2002,FollowUp,MEASLES,4/2/02,5/31/02,1-4 Y,NATIONAL,Done,3791135,3600500,95,,NO,,NO,NO,,9/3/26 18:17
COL,Colombia,AMRO,2003,MopUp,MEASLES,1/1/03,12/1/03,6-11 M,SUBNATIONAL,Done,487523,632357,129.7,,NO,,NO,NO,,9/3/26 18:17
COL,Colombia,AMRO,2004,VACWEEK,MR_MMR,4/1/04,,0-11 M,NATIONAL,Done,75880,76,,,NO,,NO,NO,NA,9/3/26 18:17
COL,Colombia,AMRO,2004,VACWEEK,MR_MMR,8/1/04,,0-11 M,NATIONAL,Done,75880,71,,,NO,,NO,NO,NA,9/3/26 18:17
COL,Colombia,AMRO,2005,SpeedUp,MR,8/1/05,10/1/05,14-39 Y,NATIONAL,Done,20139470,19967780,97,,NO,,NO,NO,NA,9/3/26 18:17
COL,Colombia,AMRO,2005,VACWEEK,MR_MMR,4/1/05,,0-11 M,NATIONAL,Done,75778,68278,90.1,,NO,,NO,NO,NA,9/3/26 18:17
COL,Colombia,AMRO,2006,FollowUp,MR,1/1/06,,1-5 Y,NATIONAL,Done,,,63,,NO,,NO,NO,,9/3/26 18:17
COL,Colombia,AMRO,2006,MopUp,MR,4/22/06,4/29/06,13 M-6 Y,NATIONAL,Done,5129538,789489,15.3,,NO,,NO,NO,NA,9/3/26 18:17
COL,Colombia,AMRO,2010,FollowUp,MR,6/1/10,6/30/10,1-8 Y,NATIONAL,Done,6854805,6406221,94,,NO,,NO,NO,NA,9/3/26 18:17
COL,Colombia,AMRO,2011,CatchUp,MR,8/1/11,,10-19 Y,SUBNATIONAL,Done,3937486,3181768,80,,NO,,NO,NO,,9/3/26 18:17
COL,Colombia,AMRO,2016,FollowUp,MR,2016,,9-20 Y,NATIONAL,Done,8769812,7752514,88.4,,NO,,NO,NO,,9/3/26 18:17
COL,Colombia,AMRO,2021,FollowUp,MR,4/24/21,2022,1-10 Y,NATIONAL,Done,7588401,7249400,95.53,,NO,,NO,NO,,9/3/26 18:17
COL,Colombia,AMRO,2026,High risk Areas,MR,2026,,Risk groups,NATIONAL,Planned,,,,,,,,,,9/3/26 18:17
COM,Comoros,AFRO,2003,FollowUp,MEASLES,9/1/03,,6-59 M,SUBNATIONAL,Done,4835,5509,113.94,,NO,,NO,NO,,9/3/26 18:17
COM,Comoros,AFRO,2005,CatchUp,MEASLES,9/10/05,9/21/05,6 M-14 Y,SUBNATIONAL,Done,110931,109815,99,,NO,,NO,NO,,9/3/26 18:17
COM,Comoros,AFRO,2006,CatchUp,MEASLES,6/1/06,7/31/06,6 M-15 Y,SUBNATIONAL,Done,185171,91399,49,,NO,,NO,NO,,9/3/26 18:17
COM,Comoros,AFRO,2007,CatchUp,MEASLES,10/19/07,10/28/07,9 M-15 Y,NATIONAL,Done,258782,231263,89,,YES,95,YES,NO,,9/3/26 18:17
COM,Comoros,AFRO,2010,FollowUp,MEASLES,10/15/10,10/17/10,6-47 M,UNKNOWN,Done,74572,62727,84,,YES,87,YES,NO,,9/3/26 18:17
COM,Comoros,AFRO,2013,FollowUp,MEASLES,6/17/13,6/21/13,9-59 M,NATIONAL,Done,100860,86516,86,,YES,93,YES,NO,,9/3/26 18:17
COM,Comoros,AFRO,2016,FollowUp,MEASLES,10/27/16,10/29/16,9-59 M,NATIONAL,Done,109314,83371,76,VitA; deworming,YES,90,YES,YES,"Integrated with Vitamin A for 6-59 mths and Albendazole for 12-59 months.
JRF 2017 reached: 80614",9/3/26 18:17
COM,Comoros,AFRO,2019,OR,MEASLES,7/1/19,,6 M-14 Y,SUBNATIONAL,Done,188722,110269,58,,NO,,NO,NO,,9/3/26 18:17
COM,Comoros,AFRO,2021,CatchUp,MR,12/8/21,12/15/21,9 M-14 Y,NATIONAL,Done,373243,276132,74,,NO,,NO,YES,,9/3/26 18:17
COM,Comoros,AFRO,2025,FollowUp,MR,10/4/25,10/8/25,9-59 M,NATIONAL,Done,101384,98796,97.45,BCU,YES,82.4,,YES,,9/3/26 18:17
CPV,Cabo Verde,AFRO,2005,FollowUp,MEASLES,4/11/05,4/18/05,9-59 M,NATIONAL,Done,50471,46887,92.9,,NO,,NO,NO,,9/3/26 18:17
CPV,Cabo Verde,AFRO,2009,FollowUp,MEASLES,4/20/09,4/24/09,9-59 M,NATIONAL,Done,47667,41703,87,,NO,,NO,NO,,9/3/26 18:17
CPV,Cabo Verde,AFRO,2013,FollowUp,MR,10/14/13,10/23/13,9 M-24 Y,NATIONAL,Done,251842,240166,95,,YES,99,YES,NO,22 districts,9/3/26 18:17
CPV,Cabo Verde,AFRO,2018,FollowUp,MR,11/7/18,11/13/18,9-59 M,NATIONAL,Done,44490,42785,96.2,,NO,,NO,NO,,9/3/26 18:17
CRI,Costa Rica,AMRO,2001,SpeedUp,MR,5/1/01,,15-39 Y,NATIONAL,Done,1665987,1635445,98,,NO,,NO,NO,NA,9/3/26 18:17
CRI,Costa Rica,AMRO,2002,FollowUp,MMR,1/1/02,,1-4 Y,NATIONAL,Done,282438,241761,86,,NO,,NO,NO,NA,9/3/26 18:17
CRI,Costa Rica,AMRO,2018,FollowUp,MEASLES,12/12/18,3/30/19,1-10 Y,NATIONAL,Done,620904,596086,96,,NO,,NO,NO,,9/3/26 18:17
CRI,Costa Rica,AMRO,2024,FollowUp,MMR,2024-04,2024-05,15M - 10 Y,NATIONAL,Done,563000,,,,,,,,,9/3/26 18:17
CUB,Cuba,AMRO,2002,FollowUp,MEASLES,2/1/02,,4-9 Y,NATIONAL,Done,896974,789337,88,,NO,,NO,NO,,9/3/26 18:17
CUB,Cuba,AMRO,2007,CatchUp,MMR,4/5/07,9/30/07,12-24 Y,NATIONAL,Done,2059058,1991513,96.7,,NO,,NO,NO,,9/3/26 18:17
CYP,Cyprus,EURO,2004,MopUp,MMR,1/1/04,12/31/05,6 Y,NATIONAL,Done,18959,15042,79,,NO,,NO,NO,2003-04 school year - target of school children 6 and 11 years,9/3/26 18:17
CYP,Cyprus,EURO,2006,CatchUp,MMR,9/1/06,,11-12 Y,NATIONAL,Done,10341,938,9,,NO,,NO,NO,NA,9/3/26 18:17
CYP,Cyprus,EURO,2006,CatchUp,MMR,9/1/06,,17 Y,NATIONAL,Done,8979,711,7,,NO,,NO,NO,NA,9/3/26 18:17
CYP,Cyprus,EURO,2006,FollowUp,MMR,9/1/06,,6 Y,NATIONAL,Done,8642,453,5,,NO,,NO,NO,NA,9/3/26 18:17
CYP,Cyprus,EURO,2007,CatchUp,MMR,9/1/07,,11-12 Y,NATIONAL,Done,9889,537,5,,NO,,NO,NO,NA,9/3/26 18:17
CYP,Cyprus,EURO,2007,CatchUp,MMR,9/1/07,,17 Y,NATIONAL,Done,8936,203,2,,NO,,NO,NO,NA,9/3/26 18:17
CYP,Cyprus,EURO,2007,FollowUp,MMR,9/1/07,,6 Y,NATIONAL,Done,8496,442,5,,NO,,NO,NO,NA,9/3/26 18:17
CYP,Cyprus,EURO,2010,Campaign,MMR,9/1/10,,School-age,NATIONAL,Done,8796,66,,,NO,,NO,NO,,9/3/26 18:17
CYP,Cyprus,EURO,2010,CatchUp,MMR,9/1/10,,School-age,NATIONAL,Done,7910,273,3,,NO,,NO,NO,,9/3/26 18:17
CYP,Cyprus,EURO,2011,Campaign,MMR,9/1/11,5/1/11,School-age,NATIONAL,Done,8346,166,2,,NO,,NO,NO,1st grade pubils - Active Surveillance of Immunization,9/3/26 18:17
CYP,Cyprus,EURO,2011,Campaign,MMR,9/1/11,5/1/11,School-age,NATIONAL,Done,8798,145,1.5,,NO,,NO,NO,6th grade pubils - Active Surveillance of Immunization,9/3/26 18:17
CYP,Cyprus,EURO,2011,Campaign,MMR,9/1/11,5/1/11,School-age,NATIONAL,Done,8401,115,1,,NO,,NO,NO,Grade 9 - Active Surveillance of Immunization,9/3/26 18:17
CYP,Cyprus,EURO,2012,Campaign,MMR,9/1/12,5/1/13,School-age,NATIONAL,Done,8298,81,0.9,,NO,,NO,NO,Grade 9,9/3/26 18:17
CYP,Cyprus,EURO,2012,CatchUp,MMR,9/1/12,5/1/13,School-age,NATIONAL,Done,8718,101,1.1,,NO,,NO,NO,,9/3/26 18:17
CYP,Cyprus,EURO,2012,FollowUp,MMR,9/1/12,5/1/13,School-age,NATIONAL,Done,8405,174,2,,NO,,NO,NO,School Health Services 2,9/3/26 18:17
CYP,Cyprus,EURO,2013,Campaign,MMR,9/1/13,5/1/14,School-age,NATIONAL,Done,7945,65,0.8,,NO,,NO,NO,Grade 9,9/3/26 18:17
CYP,Cyprus,EURO,2013,Campaign,MMR,9/1/13,5/31/14,School-age,NATIONAL,Done,8706,227,3,,NO,,NO,NO,1st grade pubils of primary schools,9/3/26 18:17
CYP,Cyprus,EURO,2013,Campaign,MMR,9/1/13,5/31/14,School-age,NATIONAL,Done,8478,161,2,,NO,,NO,NO,6th grade pubils of primary schools,9/3/26 18:17
CYP,Cyprus,EURO,2014,Campaign,MMR,9/1/14,5/31/15,School-age,NATIONAL,Done,7980,245,3,,NO,,NO,NO,6th grade pubils of primary schools,9/3/26 18:17
CYP,Cyprus,EURO,2014,Campaign,MMR,9/1/14,5/31/15,School-age,NATIONAL,Done,8329,188,2,,NO,,NO,NO,1st grade pubils of primary schools,9/3/26 18:17
CYP,Cyprus,EURO,2015,Campaign,MMR,9/1/15,5/31/16,School-age,NATIONAL,Done,8421,7511,89,,NO,,NO,NO,"1st grade pubils of primary schools - School Health Services,2",9/3/26 18:17
CYP,Cyprus,EURO,2015,Campaign,MMR,9/1/15,5/31/16,School-age,NATIONAL,Done,7807,6965,89,,NO,,NO,NO,"6th grade pubils of primary schools - School Health Services,2",9/3/26 18:17
CYP,Cyprus,EURO,2015,Campaign,MMR,9/1/15,5/31/16,Grade 9,NATIONAL,Done,7638,6626,87,,NO,,NO,NO,Active surveillance of immunization status,9/3/26 18:17
CYP,Cyprus,EURO,2017,Campaign,MMR,9/1/17,5/31/18,School-age,NATIONAL,Done,8780,7957,91,,NO,,NO,NO,"1st grade pubils of primary schools; School Health Services,2, Active surveillance of immunization status",9/3/26 18:17
CYP,Cyprus,EURO,2017,Campaign,MMR,9/1/17,5/31/18,School-age,NATIONAL,Done,8126,7446,92,,NO,,NO,NO,"6th grade pubils of primary schools; School Health Services,2, Active surveillance of immunization status",9/3/26 18:17
CYP,Cyprus,EURO,2017,Campaign,MMR,9/1/17,5/31/18,Grade 9,NATIONAL,Done,7195,6176,86,,NO,,NO,NO,Active surveillance of immunization status,9/3/26 18:17
DJI,Djibouti,EMRO,2002,CatchUp,MEASLES,3/1/02,,9-59 M,Rollover-National,Done,91068,72854,80,,NO,,NO,NO,,9/3/26 18:17
DJI,Djibouti,EMRO,2003,CatchUp,MEASLES,2/1/03,,9-59 M,Rollover-National,Done,93800,77854,83,,NO,,NO,NO,,9/3/26 18:17
DJI,Djibouti,EMRO,2004,MopUp,MEASLES,12/1/04,,9-59 M,SUBNATIONAL,Done,77300,,,,NO,,NO,NO,,9/3/26 18:17
DJI,Djibouti,EMRO,2005,CatchUp,MEASLES,12/5/05,1/1/06,9 M-15 Y,NATIONAL,Done,219197,186317,85,,NO,,NO,NO,target number to be confirmed,9/3/26 18:17
DJI,Djibouti,EMRO,2007,MopUp,MEASLES,6/1/07,,9-59 M,SUBNATIONAL,Done,20000,7475,37,,NO,,NO,NO,,9/3/26 18:17
DJI,Djibouti,EMRO,2008,CatchUp,MEASLES,10/4/08,11/22/08,9 M-15 Y,NATIONAL,Done,215322,184638,86,,NO,,NO,NO,"october, Djibouti city and the rest in Nov. Phase II",9/3/26 18:17
DJI,Djibouti,EMRO,2011,FollowUp,MEASLES,6/1/11,,9-24 M,NATIONAL,Done,5646,4866,86,,NO,,NO,NO,,9/3/26 18:17
DJI,Djibouti,EMRO,2012,CatchUp,MEASLES,11/1/12,,6-15 Y,SUBNATIONAL,Done,25098,23605,94,,NO,,NO,NO,,9/3/26 18:17
DJI,Djibouti,EMRO,2012,FollowUp,MEASLES,3/28/12,4/6/12,9-59 M,NATIONAL,Done,95226,90603,95,,NO,,NO,YES,JNV,9/3/26 18:17
DJI,Djibouti,EMRO,2015,FollowUp,MEASLES,5/8/15,5/19/15,9 M-15 Y,NATIONAL,Done,304883,277119,90.89,,NO,,NO,YES,"Phase 1
JRF 2016 same data",9/3/26 18:17
DJI,Djibouti,EMRO,2015,FollowUp,MEASLES,11/14/15,11/19/15,15-25 Y,NATIONAL,Done,221766,169493,76,,NO,,NO,YES,Phase 2,9/3/26 18:17
DJI,Djibouti,EMRO,2017,Campaign,MEASLES,11/29/17,12/21/17,4-8 Y,NATIONAL,Done,12579,11628,92.4,Vit A; deworming,NO,,NO,NO,School campaign measles integrated with Vit A and dewoming,9/3/26 18:17
DJI,Djibouti,EMRO,2018,OR,MEASLES,12/8/18,12/13/18,6-59 M,NATIONAL,Done,106338,113780,107,,NO,,NO,NO,,9/3/26 18:17
DJI,Djibouti,EMRO,2020,FollowUp,MEASLES,3/1/20,3/8/20,6 M-15 Y,SUBNATIONAL,Done,152735,150754,98.7,,NO,,NO,NO,,9/3/26 18:17
DJI,Djibouti,EMRO,2020,FollowUp,MEASLES,8/3/20,8/12/20,6 M-15 Y,SUBNATIONAL,Done,211758,170775,80.6,,NO,,NO,NO,,9/3/26 18:17
DJI,Djibouti,EMRO,2022,OR,MEASLES,9/11/22,9/15/22,6-59 M,SUBNATIONAL,Done,45500,39392,86.58,,NO,,NO,NO,,9/3/26 18:17
DJI,Djibouti,EMRO,2023,MopUp,MEASLES,1/15/23,2/9/23,0-59 M,SUBNATIONAL,Done,27130,13852,51.06,,,,,,Two phases (February and June),9/3/26 18:17
DJI,Djibouti,EMRO,2027,FollowUp,MR,2027-05,,9-59 M,NATIONAL,Planned,343894,,,,NO,,NO,NO,,9/3/26 18:17
DMA,Dominica,AMRO,2014,MopUp,MMR,2014,,1 Y,UNKNOWN,Done,617,416,67,,NO,,NO,NO,,9/3/26 18:17
DMA,Dominica,AMRO,2014,MopUp,MMR,2014,,18 M,UNKNOWN,Done,1229,754,61,,NO,,NO,NO,,9/3/26 18:17
DMA,Dominica,AMRO,2018,MopUp,MMR,4/1/18,,4 M-3 Y,NATIONAL,Planned,744,,,,NO,,NO,NO,,9/3/26 18:17
DMA,Dominica,AMRO,2019,MopUp,MMR,4/1/19,,12-18 M,NATIONAL,Done,256,188,73,DTP,NO,,NO,NO,Mop up during VWA,9/3/26 18:17
DMA,Dominica,AMRO,2020,MopUp,MMR,9/1/20,,12-18 M,NATIONAL,Planned,68,,,,NO,,NO,NO,,9/3/26 18:17
DMA,Dominica,AMRO,2023,FollowUp,MMR,2023,,12-59 M,,Done,307,307,100,,,,,,,9/3/26 18:17
DNK,Denmark,EURO,2012,Campaign,MMR,4/1/12,12/31/12,+38 Y+,NATIONAL,Done,70000,1547,2,,NO,,NO,NO,born after 1974 and no MMR vaccine,9/3/26 18:17
DOM,Dominican Republic,AMRO,2001,FollowUp,MEASLES,5/1/01,,unknown,NATIONAL,Done,,,95,,NO,,NO,NO,,9/3/26 18:17
DOM,Dominican Republic,AMRO,2003,FollowUp,MEASLES,7/18/03,7/20/03,6 M-3 Y,NATIONAL,Done,550474,521792,95,,NO,,NO,NO,,9/3/26 18:17
DOM,Dominican Republic,AMRO,2004,FollowUp,MR,4/1/04,,1-4 Y,NATIONAL,Done,888287,851280,96,,NO,,NO,NO,NA,9/3/26 18:17
DOM,Dominican Republic,AMRO,2004,FollowUp,MR,9/1/04,,5-9 Y,NATIONAL,Done,487693,446071,91.47,,NO,,NO,NO,school children,9/3/26 18:17
DOM,Dominican Republic,AMRO,2006,SpeedUp,MR,9/1/06,10/1/06,7-39 Y,NATIONAL,Done,5102263,5051240,99,,NO,,NO,NO,NA,9/3/26 18:17
DOM,Dominican Republic,AMRO,2010,FollowUp,MMR,4/26/10,7/30/10,1-8 Y,UNKNOWN,Done,1576458,1530854,97,,NO,,NO,NO,,9/3/26 18:17
DOM,Dominican Republic,AMRO,2015,FollowUp,MR,4/25/15,5/15/15,1-4 Y,NATIONAL,Done,778878,742792,95,,NO,,NO,NO,,9/3/26 18:17
DOM,Dominican Republic,AMRO,2016,FollowUp,MR,2016,,1-4 Y,NATIONAL,Done,778000,642000,82.5,,NO,,NO,NO,,9/3/26 18:17
DOM,Dominican Republic,AMRO,2022,FollowUp,MR,4/26/22,10/31/22,1-5 Y,NATIONAL,Done,951554,934329,98.19,,NO,,NO,NO,,9/3/26 18:17
DZA,Algeria,AFRO,2003,CatchUp,MEASLES,12/13/03,12/19/03,9 M-14 Y,NATIONAL,Done,9293980,8950700,96,,NO,,NO,NO,,9/3/26 18:17
DZA,Algeria,AFRO,2007,FollowUp,MEASLES,11/1/07,,unknown,NATIONAL,Done,241319,219324,90,,NO,,NO,NO,,9/3/26 18:17
DZA,Algeria,AFRO,2011,Campaign,MEASLES,6/25/11,7/5/11,unknown,SUBNATIONAL,Done,281809,152842,54,,NO,,NO,NO,,9/3/26 18:17
DZA,Algeria,AFRO,2013,CatchUp,MEASLES,5/15/13,5/21/13,6 Y,SUBNATIONAL,Done,365850,353920,97,,NO,,NO,NO,,9/3/26 18:17
DZA,Algeria,AFRO,2014,CatchUp,MEASLES,10/16/14,10/25/14,9 M-4 Y,SUBNATIONAL,Done,635431,494125,78,,NO,,NO,NO,Refugee camps,9/3/26 18:17
DZA,Algeria,AFRO,2017,Campaign,MR,3/8/17,3/15/17,6-14 Y,UNKNOWN,Done,6964102,3154279,45,,NO,,NO,NO,Prévision de l'introduction du vaccin ROR,9/3/26 18:17
DZA,Algeria,AFRO,2018,Campaign,MR,12/1/18,,6-14 Y,NATIONAL,Done,6964102,3154279,45,,NO,,NO,NO,,9/3/26 18:17
ECU,Ecuador,AMRO,2002,CatchUp,MR,10/1/02,,5 M-14 Y,NATIONAL,Done,4131527,4144140,99,,NO,,NO,NO,NA,9/3/26 18:17
ECU,Ecuador,AMRO,2003,FollowUp,MR,6/2/03,6/8/03,2-4 Y,SUBNATIONAL,Done,35053,19414,55.8,,NO,,NO,NO,unknown,9/3/26 18:17
ECU,Ecuador,AMRO,2004,SpeedUp,MR,5/1/04,,16-39 Y,NATIONAL,Done,4817604,4721251,98,,NO,,NO,NO,NA,9/3/26 18:17
ECU,Ecuador,AMRO,2008,FollowUp,MR,4/14/08,4/30/08,1-6 Y,NATIONAL,Done,1726240,1742370,101,,NO,,NO,NO,NA,9/3/26 18:17
ECU,Ecuador,AMRO,2009,Campaign,MEASLES,4/1/09,4/30/09,12-23 M,NATIONAL,Done,285204,17861,7,,NO,,NO,NO,,9/3/26 18:17
ECU,Ecuador,AMRO,2011,FollowUp,MMR,5/1/11,,7 Y,NATIONAL,Done,285970,306075,107,,NO,,NO,NO,,9/3/26 18:17
ECU,Ecuador,AMRO,2012,Campaign,MMR,3/12/12,,6 M-14 Y,NATIONAL,Done,3140799,2646056,84,,NO,,NO,NO,,9/3/26 18:17
ECU,Ecuador,AMRO,2018,Campaign,MMR,1/1/18,,12 M-53 Y,NATIONAL,Done,898090,480561,54,,NO,,NO,NO,,9/3/26 18:17
ECU,Ecuador,AMRO,2019,Campaign,MMR,1/1/19,,2-7 Y,NATIONAL,Done,238531,118898,50,,NO,,NO,NO,,9/3/26 18:17
ECU,Ecuador,AMRO,2023,FollowUp,MR,2023,,2-7 Y,NATIONAL,Done,3428149,3395716,99.05,Polio,,,,,,9/3/26 18:17
EGY,Egypt,EMRO,2000,CatchUp,MEASLES,11/1/00,3/1/01,6-11 Y,SUBNATIONAL,Done,7200000,5616000,78,,NO,,NO,NO,excluding private schools and out of school children,9/3/26 18:17
EGY,Egypt,EMRO,2002,FollowUp,MEASLES,10/1/02,5/1/02,36-59 M,NATIONAL,Done,3500000,3220000,92,,NO,,NO,NO,,9/3/26 18:17
EGY,Egypt,EMRO,2008,CatchUp,MR,11/16/08,12/4/08,10-20 Y,Rollover-National,Done,18415790,18375020,99,,NO,,NO,NO,Phase I,9/3/26 18:17
EGY,Egypt,EMRO,2009,CatchUp,MR,10/25/09,,2-11 Y,Rollover-National,Done,17156940,17843880,104,,NO,,NO,NO,Phase II,9/3/26 18:17
EGY,Egypt,EMRO,2015,FollowUp,MR,10/31/15,11/21/15,9 M-10 Y,NATIONAL,Done,23000200,23356160,102,,NO,,NO,YES,,9/3/26 18:17
EGY,Egypt,EMRO,2016,CatchUp,MR,4/9/16,4/19/16,11-20 Y,SUBNATIONAL,Done,684808,642178,94,,NO,,NO,NO,,9/3/26 18:17
EGY,Egypt,EMRO,2016,CatchUp,MR,10/16/16,10/20/16,1 Y school,SUBNATIONAL,Done,254177,258464,102,,NO,,NO,NO,,9/3/26 18:17
EGY,Egypt,EMRO,2020,NID,MR,3/8/20,3/26/20,9 M-6 Y,NATIONAL,Done,15962730,15987050,100.2,,NO,,NO,NO,,9/3/26 18:17
EGY,Egypt,EMRO,2025,Campaign,MR,11/15/25,12/4/25,Other,SUBNATIONAL,Done,544909,534702,98.13,,NO,,NO,NO,,9/3/26 18:17
EGY,Egypt,EMRO,2026,Campaign,MR,2026-10,,Other,NATIONAL,Planned,,,,,NO,,NO,NO,,9/3/26 18:17
ERI,Eritrea,AFRO,2000,FollowUp,MEASLES,10/14/00,,9-59 M,Rollover-National,Done,177855,159241,89.5,,NO,,NO,NO,27/58 zones,9/3/26 18:17
ERI,Eritrea,AFRO,2000,MopUp,MEASLES,6/1/00,,9-59 M,SUBNATIONAL,Done,57763,47957,89.2,,NO,,NO,NO,outbreak response IDP camps,9/3/26 18:17
ERI,Eritrea,AFRO,2001,FollowUp,MEASLES,6/1/01,,9-59 M,Rollover-National,Done,164604,128341,78,,NO,,NO,NO,31/58 sub zones,9/3/26 18:17
ERI,Eritrea,AFRO,2003,CatchUp,MEASLES,9/20/03,10/5/03,9 M-14 Y,NATIONAL,Done,1283069,1047682,83,,YES,98,NO,NO,,9/3/26 18:17
ERI,Eritrea,AFRO,2004,MopUp,MEASLES,7/18/04,7/23/04,9 M-15 Y,SUBNATIONAL,Done,12000,10798,90,,NO,,NO,NO,outbreak response,9/3/26 18:17
ERI,Eritrea,AFRO,2006,FollowUp,MEASLES,6/28/06,7/2/06,9-59 M,NATIONAL,Done,406873,387479,95.2,,YES,98,NO,NO,,9/3/26 18:17
ERI,Eritrea,AFRO,2009,FollowUp,MEASLES,5/6/09,5/10/09,9-47 M,NATIONAL,Done,342030,281063,82,,YES,82,YES,NO,,9/3/26 18:17
ERI,Eritrea,AFRO,2012,FollowUp,MEASLES,4/25/12,4/29/12,9-47 M,SUBNATIONAL,Done,371000,277928,74,,YES,96,YES,NO,,9/3/26 18:17
ERI,Eritrea,AFRO,2015,FollowUp,MEASLES,4/22/15,4/26/15,9-59 M,NATIONAL,Done,437827,350765,80,,YES,96,NO,YES,,9/3/26 18:17
ERI,Eritrea,AFRO,2018,CatchUp,MR,11/21/18,11/30/18,9 M-14 Y,NATIONAL,Done,1439488,1206750,83.8,VitA,YES,98,YES,YES,,9/3/26 18:17
ERI,Eritrea,AFRO,2024,FollowUp,MR,4/24/24,4/30/24,9-59 M,SUBNATIONAL,Done,202822,183363,90.41,VitA,YES,94.5,YES,NO,Selective vaccination in 29 sub-zobas,9/3/26 18:17
ERI,Eritrea,AFRO,2025,HRA,MR,4/20/25,4/25/25,9-59 M,SUBNATIONAL,Done,172064,114387,66.5,,,,,,,9/3/26 18:17
ERI,Eritrea,AFRO,2027,HRAs,M_MR,2027,,9-59 M,SUBNATIONAL,Planned,176365,,,,,,,,,9/3/26 18:17
EST,Estonia,EURO,2026,CatchUp-SIA,M_MMR,2026-07,,School-age,NATIONAL,Planned,10000,,,Tdap; HPV,,,,,,9/3/26 18:17
ETH,Ethiopia,AFRO,2000,FollowUp,MEASLES,6/23/00,,9-59 M,SUBNATIONAL,Done,3800000,3610000,95,VitA,NO,,NO,NO,"30 zones in drought-affected regions (SNNPR, Somali, Oromiya, Amhara)",9/3/26 18:17
ETH,Ethiopia,AFRO,2000,FollowUp,MEASLES,12/29/00,,9-59 M,SUBNATIONAL,Done,3026147,2346464,78,,NO,,NO,NO,"33% of popn (29 zones, 6 urban cities); 30 districts",9/3/26 18:17
ETH,Ethiopia,AFRO,2001,FollowUp,MEASLES,11/1/01,12/30/01,9-59 M,SUBNATIONAL,Done,2166232,1646336,76,,NO,,NO,NO,28 zones,9/3/26 18:17
ETH,Ethiopia,AFRO,2002,CatchUp,MEASLES,11/25/02,12/4/02,9 M-14 Y,Rollover-National,Done,2316214,2277988,98.3,,NO,,NO,NO,7 zones in droight areas,9/3/26 18:17
ETH,Ethiopia,AFRO,2003,CatchUp,MEASLES,4/1/03,12/1/03,6 M-14 Y,Rollover-National,Done,5605502,5101007,91,,NO,,NO,NO,67% population,9/3/26 18:17
ETH,Ethiopia,AFRO,2004,CatchUp,MEASLES,3/20/04,6/4/04,6 M-14 Y,Rollover-National,Done,8835802,7422074,84,,NO,,NO,NO,33% population,9/3/26 18:17
ETH,Ethiopia,AFRO,2005,CatchUp,MEASLES,2005,,6 M-14 Y,SUBNATIONAL,Done,198456,136935,69,,NO,,NO,NO,,9/3/26 18:17
ETH,Ethiopia,AFRO,2005,FollowUp,MEASLES,9/1/05,,9-59 M,Rollover-National,Done,1073066,987221,92,,NO,,NO,NO,West & East Haraghe Zones,9/3/26 18:17
ETH,Ethiopia,AFRO,2006,FollowUp,MEASLES,3/1/06,6/1/06,9-59 M,Rollover-National,Done,11688720,10169190,87,,NO,,NO,NO,"Benshangul Gumz, Tigray, Amhara, SNNPR, Oromiya, Somali",9/3/26 18:17
ETH,Ethiopia,AFRO,2007,FollowUp,MEASLES,11/1/07,11/30/07,6-59 M,SUBNATIONAL,Done,1117345,1072701,96,,NO,,NO,NO,Afar and E/W Harerge  Fourth quarter in 2007,9/3/26 18:17
ETH,Ethiopia,AFRO,2008,FollowUp,MEASLES,10/31/08,12/7/08,6-59 M,SUBNATIONAL,Done,11791820,10848470,92,,NO,,NO,NO,All regions except East and Western Harerge zones in Oromia region,9/3/26 18:17
ETH,Ethiopia,AFRO,2009,FollowUp,MEASLES,1/1/09,1/31/09,6-59 M,SUBNATIONAL,Done,62504,57762,93,,NO,,NO,NO,,9/3/26 18:17
ETH,Ethiopia,AFRO,2009,FollowUp,MEASLES,1/1/09,1/31/09,6-59 M,SUBNATIONAL,Done,279102,264134,95,,NO,,NO,NO,,9/3/26 18:17
ETH,Ethiopia,AFRO,2009,FollowUp,MEASLES,1/1/09,1/31/09,6-59 M,SUBNATIONAL,Done,773910,662168,86,,NO,,NO,NO,,9/3/26 18:17
ETH,Ethiopia,AFRO,2009,FollowUp,MEASLES,6/10/09,6/17/09,6-59 M,SUBNATIONAL,Done,285644,266621,93,,NO,,NO,NO,Afar Region,9/3/26 18:17
ETH,Ethiopia,AFRO,2010,FollowUp,MEASLES,2/18/10,4/30/10,6-59 M,SUBNATIONAL,Done,1057327,961798,91,,NO,,NO,NO,Outbreak Response,9/3/26 18:17
ETH,Ethiopia,AFRO,2010,FollowUp,MEASLES,10/22/10,10/25/10,9-47 M,Rollover-National,Done,7656367,8171534,107,,NO,,NO,NO,Except Afar Tigray and Gambella (2011),9/3/26 18:17
ETH,Ethiopia,AFRO,2011,Campaign,MEASLES,10/1/11,11/1/11,6 M-14 Y,UNKNOWN,Done,7326463,7034264,96,,NO,,NO,NO,,9/3/26 18:17
ETH,Ethiopia,AFRO,2011,FollowUp,MEASLES,2/18/11,2/21/11,9-47 M,Rollover-National,Done,774658,757421,98,,NO,,NO,YES,"Targeting 4 Major Regions Tigray, Benshangul Gumz, Gambella and Afar regions)",9/3/26 18:17
ETH,Ethiopia,AFRO,2013,CatchUp,MEASLES,5/29/13,6/5/13,9-59 M,NATIONAL,Done,11873930,11609480,98,,YES,91,YES,NO,National SIA,9/3/26 18:17
ETH,Ethiopia,AFRO,2015,OR,MEASLES,10/19/15,1/31/16,6 M-14 Y,SUBNATIONAL,Done,4852259,5046349,104,,NO,,NO,YES,368 woredas selected from all regions except A. Ababa,9/3/26 18:17
ETH,Ethiopia,AFRO,2016,CatchUp,MEASLES,4/22/16,4/28/16,6 M-14 Y,SUBNATIONAL,Done,25706550,24935354,97,,YES,94,YES,YES,All except A. Ababa - 545 woredas in 62 zones covered (drought and high risk),9/3/26 18:17
ETH,Ethiopia,AFRO,2017,FollowUp,MEASLES,2/23/17,2017-08,9 M-14 Y,SUBNATIONAL,Done,24814965,24070516,97,,YES,93,YES,YES,(9–59 months nationwide and 5 - <15 years in all woredas not covered in April 2016 SIA),9/3/26 18:17
ETH,Ethiopia,AFRO,2020,FollowUp,MEASLES,6/30/20,7/9/20,6 M-14 Y,NATIONAL,Done,14181143,14577259,102.8,polio,YES,81.5,YES,NO,all woredas in all regions,9/3/26 18:17
ETH,Ethiopia,AFRO,2022,FollowUp,MEASLES,12/22/22,12/31/22,9-59 M,NATIONAL,Done,15471740,14579818,94.2,VitA; deworming,YES,87.08,YES,YES,Tigray region: 27 March-7 April 2023,9/3/26 18:17
ETH,Ethiopia,AFRO,2022,OR,MEASLES,2022-02,2022-03,6-59 M,SUBNATIONAL,Done,649065,686381,105.7,,NO,,NO,YES,,9/3/26 18:17
ETH,Ethiopia,AFRO,2023,Campaign,M_MR,12/29/23,1/15/24,6 M-10 Y,SUBNATIONAL,Done,2052751,2155389,105.0000219,,,,,,,9/3/26 18:17
ETH,Ethiopia,AFRO,2023,FollowUp,MEASLES,3/27/23,4/7/23,6-59 M,SUBNATIONAL,Done,830535,690668,83,,,,,,,9/3/26 18:17
ETH,Ethiopia,AFRO,2024,OR,M_MR,7/26/24,7/29/24,6 M-10 Y,SUBNATIONAL,Done,1831162,1707039,93,,,,,YES,,9/3/26 18:17
ETH,Ethiopia,AFRO,2025,FollowUp,MEASLES,5/14/25,5/23/25,9-59 M,NATIONAL,Done,18763397,18541061,98.8,VitA; deworming; ZD children,YES,94.35,NO,NO,,9/3/26 18:17
FJI,Fiji,WPRO,2001,MopUp,MEASLES,9/1/01,,12-59 M,NATIONAL,Done,,,,,NO,,NO,NO,,9/3/26 18:17
FJI,Fiji,WPRO,2006,CatchUp,MR,3/20/06,5/3/06,6 M-<6 Y,NATIONAL,Done,91595,89747,98,,NO,,NO,NO,NA,9/3/26 18:17
FJI,Fiji,WPRO,2011,Campaign,MR,10/1/11,11/1/11,Women and Children,NATIONAL,Done,,4000,,,NO,,NO,NO,,9/3/26 18:17
FJI,Fiji,WPRO,2017,FollowUp,MR,9/8/17,10/15/17,12 M-11 Y,NATIONAL,Done,187668,178069,95,,NO,,NO,NO,,9/3/26 18:17
FJI,Fiji,WPRO,2019,Campaign,MEASLES,2/2/19,4/28/21,6 M-6 Y,NATIONAL,Done,600000,,,,NO,,NO,NO,,9/3/26 18:17
FJI,Fiji,WPRO,2022,OR,M_MMR,7/5/22,9/2/22,6 M-11 Y,SUBNATIONAL,Done,55115,32163,58.36,,,,,,,9/3/26 18:17
FJI,Fiji,WPRO,2027,CatchUp-SIA,M_MMR,2027-06,,0-36 M,NATIONAL,Planned,48000,,,,,,,,,9/3/26 18:17
FSM,Micronesia (Federated States of),WPRO,2004,CatchUp,MMR,3/1/04,,1-14 Y,SUBNATIONAL,Done,20561,17847,87,,NO,,NO,NO,Chuuk State,9/3/26 18:17
FSM,Micronesia (Federated States of),WPRO,2010,Campaign,MMR,5/17/10,7/9/10,1-6 Y,SUBNATIONAL,Done,6762,,90.9,,NO,,NO,YES,Chuuk State,9/3/26 18:17
FSM,Micronesia (Federated States of),WPRO,2011,CatchUp,MMR,3/7/11,4/5/11,12-83 M,SUBNATIONAL,Done,5106,4889,96,,NO,,NO,YES,,9/3/26 18:17
FSM,Micronesia (Federated States of),WPRO,2013,FollowUp,MMR,7/1/13,8/31/13,12-47 M,SUBNATIONAL,Done,3613,3435,95,,NO,,NO,YES,,9/3/26 18:17
FSM,Micronesia (Federated States of),WPRO,2014,FollowUp,MMR,5/22/14,6/30/14,6 M-57 Y,SUBNATIONAL,Done,4835,4360,90,,NO,,NO,NO,Kosrae,9/3/26 18:17
FSM,Micronesia (Federated States of),WPRO,2014,FollowUp,MMR,6/16/14,6/30/14,6 M-49 Y,SUBNATIONAL,Done,30869,29159,94,,NO,,NO,NO,Pohnpei states,9/3/26 18:17
FSM,Micronesia (Federated States of),WPRO,2014,FollowUp,MMR,8/14/14,8/31/14,6 M-49 Y,SUBNATIONAL,Done,42058,35871,85,,NO,,NO,NO,Chuuk,9/3/26 18:17
FSM,Micronesia (Federated States of),WPRO,2014,FollowUp,MMR,9/22/14,11/30/14,,SUBNATIONAL,Done,4710,1998,42,,NO,,NO,NO,Yap,9/3/26 18:17
FSM,Micronesia (Federated States of),WPRO,2017,Campaign,MMR,8/1/17,,1-6 Y,SUBNATIONAL,Done,1777,1340,75,,NO,,NO,NO,,9/3/26 18:17
FSM,Micronesia (Federated States of),WPRO,2018,Campaign,MMR,6/1/18,6/30/18,1-6 Y,SUBNATIONAL,Done,581,514,88,,NO,,NO,NO,Pohnpei,9/3/26 18:17
FSM,Micronesia (Federated States of),WPRO,2019,Campaign,MMR,4/23/19,6/19/19,1-6 Y,SUBNATIONAL,Done,1560,1265,81,,NO,,NO,NO,,9/3/26 18:17
FSM,Micronesia (Federated States of),WPRO,2019,Campaign,MMR,4/23/19,6/19/19,2 M-6 Y,SUBNATIONAL,Done,3998,3761,94,,NO,,NO,NO,,9/3/26 18:17
FSM,Micronesia (Federated States of),WPRO,2020,CatchUp,MMR,1/1/20,6/30/20,1-17 Y,NATIONAL,Done,11216,9641,86,VitA; deworming,NO,,NO,NO,,9/3/26 18:17
FSM,Micronesia (Federated States of),WPRO,2022,Campaign,M_MMR,11/17/22,3/15/23,12-47 M,NATIONAL,Done,3246,1309,40.32,,,,,,,9/3/26 18:17
GAB,Gabon,AFRO,2004,CatchUp,MEASLES,11/19/04,11/25/04,9 M-14 Y,NATIONAL,Done,625472,502959,80,,NO,,NO,NO,,9/3/26 18:17
GAB,Gabon,AFRO,2007,FollowUp,MEASLES,12/4/07,12/8/07,9-59 M,NATIONAL,Done,228177,190035,83,,NO,,NO,NO,,9/3/26 18:17
GAB,Gabon,AFRO,2012,FollowUp,MEASLES,1/16/12,1/20/12,6-59 M,NATIONAL,Done,251864,168749,67,,NO,,NO,NO,,9/3/26 18:17
GAB,Gabon,AFRO,2013,CatchUp,MEASLES,3/19/13,3/24/13,9 M-10 Y,SUBNATIONAL,Done,250453,164329,66,,NO,,NO,NO,,9/3/26 18:17
GAB,Gabon,AFRO,2013,CatchUp,MEASLES,11/28/13,12/12/13,9 M-12 Y,SUBNATIONAL,Done,29533,24143,82,,NO,,NO,NO,,9/3/26 18:17
GAB,Gabon,AFRO,2017,FollowUp,MEASLES,4/19/17,4/23/17,9-59 M,NATIONAL,Done,266774,200648,75.2,VitA; bOPV,NO,,NO,YES,campaign report pending,9/3/26 18:17
GAB,Gabon,AFRO,2022,OR,MEASLES,4/26/22,4/30/22,9-59 M,NATIONAL,Done,292147,102132,35.9,VitA,NO,,NO,NO,,9/3/26 18:17
GAB,Gabon,AFRO,2024,PIRI,MEASLES,6/14/24,6/18/24,9-59 M,NATIONAL,Done,,15536,,,NO,,NO,NO,,9/3/26 18:17
GAB,Gabon,AFRO,2025,PIRI,MEASLES,2025,,9-59 M,,Done,146061,,,,,,,,,9/3/26 18:17
GAB,Gabon,AFRO,2026,FollowUp,MEASLES,2026,,9-59 M,NATIONAL,Planned,306528,,,,,,,,,9/3/26 18:17
GBR,United Kingdom of Great Britain and Northern Ireland,EURO,2004,CatchUp,MMR,11/1/04,,5-11 Y,SUBNATIONAL,Done,,,,,NO,,NO,NO,London - primary school children,9/3/26 18:17
GBR,United Kingdom of Great Britain and Northern Ireland,EURO,2013,CatchUp,MMR,4/1/13,9/30/13,10-16 Y,NATIONAL,Done,,,,,NO,,NO,NO,,9/3/26 18:17
GEO,Georgia,EURO,2004,CatchUp,MMR,4/15/04,5/15/05,13 Y,Rollover-National,Done,19803,18191,92,,NO,,NO,NO,pilot,9/3/26 18:17
GEO,Georgia,EURO,2004,CatchUp,MMR,10/16/04,12/31/04,14 Y,Rollover-National,Done,69395,37858,54,,NO,,NO,NO,NID,9/3/26 18:17
GEO,Georgia,EURO,2004,MopUp,MEASLES,4/5/04,4/9/04,12 M-15 Y,SUBNATIONAL,Done,2568,2831,110,,NO,,NO,NO,,9/3/26 18:17
GEO,Georgia,EURO,2004,MopUp,MEASLES,8/24/04,8/30/04,12 M-15 Y,SUBNATIONAL,Done,1311,1005,76,,NO,,NO,NO,,9/3/26 18:17
GEO,Georgia,EURO,2005,CatchUp,MMR,1/1/05,12/31/05,13-14 Y,NATIONAL,Done,69327,64828,93.5,,NO,,NO,NO,NA,9/3/26 18:17
GEO,Georgia,EURO,2008,CatchUp,MMR,5/1/08,,1-5 Y,NATIONAL,Done,6000,,,,NO,,NO,NO,NA,9/3/26 18:17
GEO,Georgia,EURO,2008,CatchUp,MR,10/20/08,12/15/08,6-27 Y,Rollover-National,Done,978136,493734,50,,NO,,NO,NO,NA,9/3/26 18:17
GEO,Georgia,EURO,2013,FollowUp,MMR,3/1/13,12/31/13,2-14 Y,NATIONAL,Done,63754,31385,49,,NO,,NO,NO,,9/3/26 18:17
GEO,Georgia,EURO,2014,Campaign,MMR,1/1/14,12/31/14,2-29 Y,NATIONAL,Done,372943,46851,13,,NO,,NO,NO,,9/3/26 18:17
GEO,Georgia,EURO,2015,MopUp,MMR,2015,,2-30 Y,NATIONAL,Done,178986,23417,13,,NO,,NO,NO,,9/3/26 18:17
GEO,Georgia,EURO,2016,CatchUp,MMR,2016,,6-30 Y,NATIONAL,Done,50000,11262,23,,NO,,NO,NO,,9/3/26 18:17
GEO,Georgia,EURO,2017,Campaign,MMR,1/1/17,12/31/17,6-30 Y,NATIONAL,Done,50000,7501,15,,NO,,NO,NO,,9/3/26 18:17
GEO,Georgia,EURO,2018,FollowUp,MMR,2018,,6-40 Y,NATIONAL,Done,80000,39317,49.14625,,NO,,NO,NO,,9/3/26 18:17
GEO,Georgia,EURO,2019,Campaign,MMR,2019,,7-41 Y,NATIONAL,Done,200000,165190,82.6,,NO,,NO,NO,,9/3/26 18:17
GEO,Georgia,EURO,2019,Campaign,MMR,7/1/19,12/31/20,<41 Y,NATIONAL,Done,100000,24218,24.2,,NO,,NO,NO,not fully vaccinated and/or unvaccinated population,9/3/26 18:17
GHA,Ghana,AFRO,2001,CatchUp,MEASLES,12/10/01,12/19/01,9 M-14 Y,Rollover-National,Done,801694,790798,99,,NO,,NO,NO,10% of country: 1 out of 10 provinces,9/3/26 18:17
GHA,Ghana,AFRO,2002,CatchUp,MEASLES,12/2/02,12/11/02,9 M-14 Y,Rollover-National,Done,7673593,7827065,102,,NO,,NO,NO,90% of country; other 10% done in Dec 2001,9/3/26 18:17
GHA,Ghana,AFRO,2006,FollowUp,MEASLES,11/1/06,11/5/06,9-59 M,NATIONAL,Done,5065661,3994052,78.8,,NO,,NO,NO,,9/3/26 18:17
GHA,Ghana,AFRO,2010,FollowUp,MEASLES,11/2/10,11/6/10,9-59 M,NATIONAL,Done,4317817,4002842,93,,YES,94,YES,NO,,9/3/26 18:17
GHA,Ghana,AFRO,2013,CatchUp,MR,9/11/13,9/20/13,9 M-14 Y,NATIONAL,Done,11169560,11062610,99,,YES,96,YES,YES,,9/3/26 18:17
GHA,Ghana,AFRO,2018,FollowUp,MR,10/17/18,10/22/18,9-59 M,NATIONAL,Done,4737840,4639797,98,VitA,YES,91,YES,YES,,9/3/26 18:17
GHA,Ghana,AFRO,2024,FollowUp,MR,10/2/24,10/6/24,9-59 M,NATIONAL,Done,5277282,5125387,97.1,VitA,YES,84,YES,YES,,9/3/26 18:17
GHA,Ghana,AFRO,2027,FollowUp,MR,2027,,9-59 M,NATIONAL,Planned,4306120,,,,NO,,NO,NO,or 2028?,9/3/26 18:17
GIN,Guinea,AFRO,2000,MopUp,MEASLES,4/25/00,,9-59 M,SUBNATIONAL,Done,,,,VitA; OPV,NO,,NO,NO,CoNakry City,9/3/26 18:17
GIN,Guinea,AFRO,2002,CatchUp,MEASLES,12/16/02,,9 M-14 Y,Rollover-National,Done,789203,774138,98,,NO,,NO,NO,1/10 of country,9/3/26 18:17
GIN,Guinea,AFRO,2003,CatchUp,MEASLES,11/9/03,11/15/03,9 M-14 Y,Rollover-National,Done,3278577,3202848,98,,NO,,NO,NO,Rest of the country,9/3/26 18:17
GIN,Guinea,AFRO,2006,FollowUp,MEASLES,12/1/06,12/8/06,9-59 M,NATIONAL,Done,1755122,1707633,97,deworming; VitA,NO,,NO,YES,,9/3/26 18:17
GIN,Guinea,AFRO,2009,FollowUp,MEASLES,11/20/09,11/26/09,9-59 M,NATIONAL,Done,1964471,1977225,101,,NO,,NO,NO,,9/3/26 18:17
GIN,Guinea,AFRO,2012,FollowUp,MEASLES,6/22/12,7/5/12,9-59 M,NATIONAL,Done,2209623,2098829,95,polio,YES,90.9,YES,YES,,9/3/26 18:17
GIN,Guinea,AFRO,2014,OR,MEASLES,2/8/14,2/22/14,6 M-10 Y,SUBNATIONAL,Done,1425296,1411043,99,,NO,,NO,NO,,9/3/26 18:17
GIN,Guinea,AFRO,2015,OR,MEASLES,2/27/15,4/26/15,6 M-10 Y,SUBNATIONAL,Done,1389810,1259690,91,,NO,,NO,YES,"Phase 1: 27/02-04/03
Phase 2: 21-26/04",9/3/26 18:17
GIN,Guinea,AFRO,2016,FollowUp,MEASLES,2/17/16,2/23/16,9-59 M,NATIONAL,Done,2350712,2412923,103,VitA; deworming,YES,92.7,YES,YES,,9/3/26 18:17
GIN,Guinea,AFRO,2017,Campaign,MEASLES,3/13/17,3/19/17,6-10 Y,SUBNATIONAL,Done,142270,148344,104,,NO,,NO,NO,,9/3/26 18:17
GIN,Guinea,AFRO,2017,Campaign,MEASLES,4/9/17,4/17/17,6-10 Y,SUBNATIONAL,Done,686568,662733,97,,NO,,NO,NO,,9/3/26 18:17
GIN,Guinea,AFRO,2017,OR,MEASLES,4/25/17,5/1/17,6-59 M,SUBNATIONAL,Done,1361290,1370068,101,,YES,95.1,YES,YES,,9/3/26 18:17
GIN,Guinea,AFRO,2022,FollowUp,MEASLES,5/9/22,5/14/22,6-59 M,NATIONAL,Done,2529539,2551234,100.9,MenA,NO,,NO,YES,,9/3/26 18:17
GIN,Guinea,AFRO,2024,FollowUp,MEASLES,11/8/24,11/13/24,6-59 M,SUBNATIONAL,Done,2709224,2703735,99.8,YF,NO,,NO,NO,,9/3/26 18:17
GIN,Guinea,AFRO,2025,FollowUp,MEASLES,3/6/25,3/11/25,6-59 M,SUBNATIONAL,Done,996214,1032957,103.7,,NO,,,,,9/3/26 18:17
GIN,Guinea,AFRO,2026,FollowUp,MEASLES,10/14/26,10/19/26,9-59 M,NATIONAL,Planned,4282092,,,,NO,,NO,NO,,9/3/26 18:17
GMB,Gambia,AFRO,2003,CatchUp,MEASLES,12/7/03,12/15/03,9 M-14 Y,NATIONAL,Done,739989,677830,91.6,,NO,,NO,NO,,9/3/26 18:17
GMB,Gambia,AFRO,2007,FollowUp,MEASLES,11/27/07,12/3/07,9-59 M,NATIONAL,Done,252427,241214,96,,NO,,NO,NO,,9/3/26 18:17
GMB,Gambia,AFRO,2011,FollowUp,MEASLES,12/12/11,12/18/11,9-59 M,NATIONAL,Done,310720,307613,95,,NO,,NO,NO,Will happen in the Q3-Q4,9/3/26 18:17
GMB,Gambia,AFRO,2016,CatchUp,MR,4/25/16,5/1/16,9 M-14 Y,NATIONAL,Done,802245,779654,97,VitA; deworming,YES,97,YES,YES,,9/3/26 18:17
GMB,Gambia,AFRO,2022,FollowUp,M_MR,10/18/22,10/23/22,9-59 M,NATIONAL,Done,341446,180506,53,VitA; deworming,NO,,NO,NO,,9/3/26 18:17
GMB,Gambia,AFRO,2023,Campaign,M_MR,5/23/23,5/27/23,9-59 M,SUBNATIONAL,Done,132517,121421,91.627,,,,,,,9/3/26 18:17
GMB,Gambia,AFRO,2025,FollowUp,MR,10/23/25,10/28/25,9-59 M,NATIONAL,Done,385713,352557,91.4,VitA; deworming,YES,78.9,NO,NO,,9/3/26 18:17
GNB,Guinea-Bissau,AFRO,2003,MopUp,MEASLES,5/1/03,,0-11 M,SUBNATIONAL,Done,15898,,,,NO,,NO,NO,3 regions,9/3/26 18:17
GNB,Guinea-Bissau,AFRO,2006,CatchUp,MEASLES,5/15/06,5/29/06,6 M-14 Y,NATIONAL,Done,646977,590602,91,,NO,,NO,NO,11 provinces,9/3/26 18:17
GNB,Guinea-Bissau,AFRO,2009,FollowUp,MEASLES,7/3/09,7/7/09,9-59 M,NATIONAL,Done,206517,208608,101,,NO,,NO,NO,,9/3/26 18:17
GNB,Guinea-Bissau,AFRO,2012,FollowUp,MEASLES,12/2/12,12/6/12,9-59 M,NATIONAL,Done,247786,220263,89,VitA; deworming,NO,,NO,YES,,9/3/26 18:17
GNB,Guinea-Bissau,AFRO,2015,FollowUp,MEASLES,12/4/15,12/8/15,9-59 M,NATIONAL,Done,261487,223673,86,VitA; deworming,YES,,YES,YES,,9/3/26 18:17
GNB,Guinea-Bissau,AFRO,2019,FollowUp,MEASLES,5/3/19,5/9/19,9-59 M,NATIONAL,Done,287545,237335,83,,YES,88,YES,YES,,9/3/26 18:17
GNB,Guinea-Bissau,AFRO,2024,CatchUp,MR,12/6/24,12/15/24,9 M-14 Y,NATIONAL,Done,881808,805768,91.38,VitA; deworming,YES,94,YES,NO,,9/3/26 18:17
GNB,Guinea-Bissau,AFRO,2027,FollowUp,MR,2027,,9-59 M,NATIONAL,Planned,295173,,,,,,,,,9/3/26 18:17
GNQ,Equatorial Guinea,AFRO,2003,MopUp,MEASLES,10/25/03,10/30/03,0-23 M,Rollover-National,Done,38438,4228,17.44,,NO,,NO,NO,,9/3/26 18:17
GNQ,Equatorial Guinea,AFRO,2003,MopUp,MEASLES,12/25/03,12/31/03,0-23 M,Rollover-National,Done,38438,2477,17.44,,NO,,NO,NO,,9/3/26 18:17
GNQ,Equatorial Guinea,AFRO,2005,CatchUp,MEASLES,9/28/05,10/7/05,9 M-15 Y,NATIONAL,Done,271080,119462,44,,NO,,NO,NO,,9/3/26 18:17
GNQ,Equatorial Guinea,AFRO,2009,FollowUp,MEASLES,10/22/09,10/25/09,12-59 M,NATIONAL,Done,81400,70500,80,,NO,,NO,NO,,9/3/26 18:17
GNQ,Equatorial Guinea,AFRO,2011,FollowUp,MEASLES,12/14/11,12/19/11,9-47 M,NATIONAL,Done,23357,11658,50,,NO,,NO,NO,,9/3/26 18:17
GNQ,Equatorial Guinea,AFRO,2012,Campaign,MEASLES,2/22/12,2/27/12,9-59 M,NATIONAL,Done,85032,49578,58,,NO,,NO,NO,,9/3/26 18:17
GNQ,Equatorial Guinea,AFRO,2016,FollowUp,MEASLES,3/10/16,3/14/16,6-59 M,NATIONAL,Done,149886,127874,85,,NO,,NO,YES,OPV,9/3/26 18:17
GNQ,Equatorial Guinea,AFRO,2020,FollowUp,MEASLES,12/2/20,12/5/20,6-59 M,NATIONAL,Done,140692,103694,73.7,,NO,,NO,NO,,9/3/26 18:17
GNQ,Equatorial Guinea,AFRO,2025,FollowUp,MEASLES,4/23/25,4/27/25,9 M-10 Y,NATIONAL,Done,178451,162212,91,,NO,,,,,9/3/26 18:17
GNQ,Equatorial Guinea,AFRO,2027,FollowUp,MEASLES,2027,,9-59 M,NATIONAL,Planned,229691,,,,NO,,NO,NO,or 2028?,9/3/26 18:17
GRD,Grenada,AMRO,2015,FollowUp,MMR,5/1/15,,risk groups,SUBNATIONAL,Done,,17,,,NO,,NO,NO,Roving Care Givers & Day Care Workers,9/3/26 18:17
GRD,Grenada,AMRO,2018,MopUp,MMR,4/1/18,,12-23 M,SUBNATIONAL,Done,50,,,,NO,,NO,NO,,9/3/26 18:17
GTM,Guatemala,AMRO,2002,FollowUp,MMR,2002,,1-5 Y,NATIONAL,Done,,,95,,NO,,NO,NO,NA,9/3/26 18:17
GTM,Guatemala,AMRO,2003,FollowUp,MMR,6/2/03,6/8/03,0-24 M,SUBNATIONAL,Done,2356,1809,77,,NO,,NO,NO,19 priority municipalities,9/3/26 18:17
GTM,Guatemala,AMRO,2007,CatchUp,MR,4/13/07,5/28/07,9-39 Y,NATIONAL,Done,7300000,7270856,99,,NO,,NO,NO,unknown,9/3/26 18:17
GTM,Guatemala,AMRO,2008,FollowUp,MR,4/1/08,5/1/08,1-7 Y,UNKNOWN,Done,2098251,1868161,89,,NO,,NO,NO,unknown,9/3/26 18:17
GTM,Guatemala,AMRO,2013,FollowUp,MMR,11/3/13,1/30/14,1-5 Y,NATIONAL,Done,1828813,1659469,91,,NO,,NO,NO,,9/3/26 18:17
GTM,Guatemala,AMRO,2019,FollowUp,MMR,9/1/19,12/25/19,1-6 Y,NATIONAL,Done,2317351,2120324,94,OPV,NO,,NO,NO,,9/3/26 18:17
GTM,Guatemala,AMRO,2024,Campaign,MMR,8/1/24,10/31/24,22-69 M,NATIONAL,Done,1397429,1283798,91.87,Polio,,,,,,9/3/26 18:17
GUM,Guam,WPRO,2016,CatchUp,MMR,2016,,1-15 Y,NATIONAL,Planned,42645,,,,NO,,NO,NO,,9/3/26 18:17
GUY,Guyana,AMRO,2000,FollowUp,MMR,2000,,1-4 Y,NATIONAL,Done,,,84,,NO,,NO,NO,,9/3/26 18:17
GUY,Guyana,AMRO,2007,FollowUp,MR,4/1/07,12/31/07,0-59 M,NATIONAL,Done,6170,5860,95,,NO,,NO,NO,,9/3/26 18:17
GUY,Guyana,AMRO,2018,OR,MEASLES,4/1/18,,Adults,SUBNATIONAL,Planned,30000,,,,NO,,NO,NO,Response to outbreak in neighbouring countries,9/3/26 18:17
GUY,Guyana,AMRO,2023,Campaign,MMR,5/9/23,9/14/23,0-36 M,NATIONAL,Done,2300,2245,97.61,,,,,,,9/3/26 18:17
GUY,Guyana,AMRO,2025,FollowUp,MMR,2025,,<7 Y,,Done,15550,14957,96.2,,,,,,,9/3/26 18:17
GUY,Guyana,AMRO,2027,,MMR,2027,,,,Planned,,,,,,,,,,9/3/26 18:17
HKG,"China, Hong Kong SAR",WPRO,2002,CatchUp,MMR,9/1/02,12/1/02,School-age,NATIONAL,Done,85820,85208,99,,NO,,NO,NO,Primary 6,9/3/26 18:17
HND,Honduras,AMRO,2000,FollowUp,MEASLES,5/15/00,,2-4 Y,NATIONAL,Done,371109,374494,99,,NO,,NO,NO,,9/3/26 18:17
HND,Honduras,AMRO,2002,CatchUp,MR,6/3/02,,5-39 Y,NATIONAL,Done,3217900,3153542,98,,NO,,NO,NO,NA,9/3/26 18:17
HND,Honduras,AMRO,2003,CatchUp,MR,6/2/03,6/7/03,5-39 Y,NATIONAL,Done,307259,221161,72,,NO,,NO,NO,NA,9/3/26 18:17
HND,Honduras,AMRO,2004,FollowUp,MR,4/26/04,5/26/04,1-4 Y,NATIONAL,Done,759794,714207,94,,NO,,NO,NO,NA,9/3/26 18:17
HND,Honduras,AMRO,2008,FollowUp,MR,4/21/08,5/24/08,1-4 Y,NATIONAL,Done,711219,688170,97,,NO,,NO,NO,NA,9/3/26 18:17
HND,Honduras,AMRO,2012,FollowUp,MMR,4/23/12,6/29/12,1-4 Y,NATIONAL,Done,847407,710166,84,,NO,,NO,NO,,9/3/26 18:17
HND,Honduras,AMRO,2012,FollowUp,MR,4/23/12,6/29/12,13 Y,NATIONAL,Done,197655,135082,68,,NO,,NO,NO,,9/3/26 18:17
HND,Honduras,AMRO,2016,FollowUp,MMR,10/10/16,11/4/16,1-4 Y,NATIONAL,Done,767290,735066,96,,NO,,NO,YES,,9/3/26 18:17
HND,Honduras,AMRO,2022,FollowUp,MMR,2022,,1-6 Y,NATIONAL,Done,1155147,943427,81.67,,NO,,NO,NO,,9/3/26 18:17
HTI,Haiti,AMRO,2001,FollowUp,MR,9/1/01,,1-4 Y,NATIONAL,Done,,,90,,NO,,NO,NO,NA,9/3/26 18:17
HTI,Haiti,AMRO,2002,FollowUp,MR,2002,,6-23 M,NATIONAL,Done,,,95,,NO,,NO,NO,,9/3/26 18:17
HTI,Haiti,AMRO,2002,FollowUp,RCV,9/1/02,,6 M-2 Y,NATIONAL,Done,500000,500000,100,,NO,,NO,NO,NA,9/3/26 18:17
HTI,Haiti,AMRO,2003,FollowUp,MR,10/1/03,12/1/03,6-23 M,NATIONAL,Done,423831,383233,90.42,,NO,,NO,NO,NA,9/3/26 18:17
HTI,Haiti,AMRO,2004,FollowUp,MEASLES,9/1/04,,9-59 M,NATIONAL,Done,1306022,799325,61,,NO,,NO,NO,,9/3/26 18:17
HTI,Haiti,AMRO,2006,FollowUp,MR,4/22/06,4/29/06,1-4 Y,NATIONAL,Done,5041,2026,40,,NO,,NO,NO,NA,9/3/26 18:17
HTI,Haiti,AMRO,2007,MopUp,MR,11/1/07,12/13/07,1-19 Y,Rollover-National,Done,1648292,1565844,95,,NO,,NO,NO,NA Target Women and Men,9/3/26 18:17
HTI,Haiti,AMRO,2008,CatchUp,MR,2/1/08,12/1/08,1-19 Y,Rollover-National,Done,4544220,4676353,103,,NO,,NO,NO,,9/3/26 18:17
HTI,Haiti,AMRO,2010,CatchUp,MEASLES,2/28/10,5/31/10,9 M-7 Y,SUBNATIONAL,Done,233965,186682,79.8,,NO,,NO,YES,,9/3/26 18:17
HTI,Haiti,AMRO,2012,FollowUp,MR,4/21/12,6/21/12,9 M-9 Y,NATIONAL,Done,2522396,2963911,117,,YES,82,YES,NO,,9/3/26 18:17
HTI,Haiti,AMRO,2013,CatchUp,MR,6/1/13,,9 M-10 Y,SUBNATIONAL,Done,23410,23976,102,,NO,,NO,NO,,9/3/26 18:17
HTI,Haiti,AMRO,2013,CatchUp,MR,7/1/13,,9 M-10 Y,SUBNATIONAL,Done,25525,40085,157,,NO,,NO,NO,,9/3/26 18:17
HTI,Haiti,AMRO,2013,CatchUp,MR,10/1/13,,9 M-10 Y,SUBNATIONAL,Done,65682,165091,251,,NO,,NO,NO,,9/3/26 18:17
HTI,Haiti,AMRO,2016,FollowUp,MR,3/14/16,4/30/16,9-59 M,NATIONAL,Done,1426527,1420220,99.6,VitA; deworming,NO,,NO,YES,,9/3/26 18:17
HTI,Haiti,AMRO,2019,FollowUp,MR,7/15/19,9/5/19,1-4 Y,NATIONAL,Done,1352286,1274526,94.62,VitA; polio,NO,,NO,YES,,9/3/26 18:17
HTI,Haiti,AMRO,2026,FollowUp,MR,2026-06,,9-59 M,NATIONAL,Planned,1174657,,,,,,,,,9/3/26 18:17
IDN,Indonesia,WPRO,2000,CatchUp,MEASLES,2000,,6-12 Y,Rollover-National,Done,6665950,6341407,95.1,,NO,,NO,NO,school catch up campaign in 3 provinces,9/3/26 18:17
IDN,Indonesia,WPRO,2000,MopUp,MEASLES,2000,,6-59 M,SUBNATIONAL,Done,1142183,948012,89.5,,NO,,NO,NO,multi antigen campaign with SNIDs in 5 provinces,9/3/26 18:17
IDN,Indonesia,WPRO,2002,MopUp,MEASLES,9/1/02,,0-59 M,SUBNATIONAL,Done,166087,155101,93,,NO,,NO,NO,,9/3/26 18:17
IDN,Indonesia,WPRO,2002,MopUp,MEASLES,10/9/02,,9-59 M,SUBNATIONAL,Done,2667343,2031029,76.1,,NO,,NO,NO,high risk,9/3/26 18:17
IDN,Indonesia,WPRO,2003,CatchUp,MEASLES,10/1/03,,6-12 Y,Rollover-National,Done,1030445,980754,95,,NO,,NO,NO,School catch up campaign in 4 provinces,9/3/26 18:17
IDN,Indonesia,WPRO,2004,CatchUp,MEASLES,2004,,6-12 Y,Rollover-National,Done,2180918,2062556,94,,NO,,NO,NO,school base campaign in 7 provinces,9/3/26 18:17
IDN,Indonesia,WPRO,2005,CatchUp,MEASLES,2005,,6 M-15 Y,Rollover-National,Done,679230,615577,91,,NO,,NO,NO,,9/3/26 18:17
IDN,Indonesia,WPRO,2005,CatchUp,MEASLES,1/1/05,3/31/05,6 M-15 Y,Rollover-National,Done,4836094,4642650,96,,NO,,NO,NO,Post-tsunami catch up campaign ongoing in Aceh Province,9/3/26 18:17
IDN,Indonesia,WPRO,2006,CatchUp,MEASLES,1/1/06,,6-12 Y,Rollover-National,Done,3161323,3049844,96,,NO,,NO,NO,Crash program in 5 provinces (E. Indonesia),9/3/26 18:17
IDN,Indonesia,WPRO,2006,CatchUp,MEASLES,4/12/06,,6 M-5 Y,Rollover-National,Done,234528,220777,94,,NO,,NO,NO,School catch-up campaign in 4 provinces: Papua and Iriyan Jaya barat and Maluku and North Maluku.,9/3/26 18:17
IDN,Indonesia,WPRO,2006,CatchUp,MEASLES,8/1/06,,6 M-5 Y,Rollover-National,Done,3743568,3440698,92,,NO,,NO,NO,"School based campaign in provinces (West Sumatra, Riau, Kepri, South Sumatra, Lampung) and 9 provinces  (West Sumatra, Riau, Kepri, South Sumatra, Lampung, Jambi, Babel, Bengkulu)",9/3/26 18:17
IDN,Indonesia,WPRO,2007,CatchUp,MEASLES,2/1/07,2/28/07,6 M-12 Y,Rollover-National,Done,2692912,2863068,106,,NO,,NO,NO,in 3 Provinces,9/3/26 18:17
IDN,Indonesia,WPRO,2007,CatchUp,MEASLES,8/1/07,8/31/07,6 Y-12 Y,Rollover-National,Done,2569350,2609301,102,,NO,,NO,NO,in 6 Provinces,9/3/26 18:17
IDN,Indonesia,WPRO,2007,FollowUp,MEASLES,2/1/07,2/28/07,6-59 M,Rollover-National,Done,11237270,10099530,90,,NO,,NO,NO,in 5 Provinces,9/3/26 18:17
IDN,Indonesia,WPRO,2007,FollowUp,MEASLES,8/1/07,8/31/07,6-59 M,Rollover-National,Done,3679318,3499242,95,,NO,,NO,NO,in 5 Provinces,9/3/26 18:17
IDN,Indonesia,WPRO,2008,FollowUp,MEASLES,10/1/08,12/1/08,1-3 Y,SUBNATIONAL,Done,11203,8730,78,,NO,,NO,NO,,9/3/26 18:17
IDN,Indonesia,WPRO,2009,FollowUp,MEASLES,10/1/09,10/31/09,9-59 M,SUBNATIONAL,Done,219765,126699,58,,NO,,NO,NO,Papua,9/3/26 18:17
IDN,Indonesia,WPRO,2009,FollowUp,MEASLES,10/1/09,10/31/09,9-59 M,SUBNATIONAL,Done,141685,126800,91,,NO,,NO,NO,in disaster areas,9/3/26 18:17
IDN,Indonesia,WPRO,2009,FollowUp,MEASLES,10/6/09,10/31/09,9-59 M,SUBNATIONAL,Done,1763122,1700834,96,,NO,,NO,NO,4 provinces,9/3/26 18:17
IDN,Indonesia,WPRO,2010,FollowUp,MEASLES,10/12/10,11/6/10,9-59 M,SUBNATIONAL,Done,3619024,3294315,91,,NO,,NO,YES,"11 provinces (West  Sumatera, Riau, Jambi, South Sumatera, Bengkulu, Bangka Belitung, Riau Island, Banten, NTT, Maluku and West Papua)",9/3/26 18:17
IDN,Indonesia,WPRO,2011,FollowUp,MEASLES,10/18/11,11/18/11,9-59 M,SUBNATIONAL,Done,11989560,11365670,95,,NO,,NO,YES,3rd Phase,9/3/26 18:17
IDN,Indonesia,WPRO,2016,FollowUp,MEASLES,8/1/16,8/14/16,9-59 M,SUBNATIONAL,Done,4222172,3638183,86,,NO,,NO,YES,"183 districts in 28 provinces
integrated with VitA",9/3/26 18:17
IDN,Indonesia,WPRO,2017,CatchUp,MR,8/1/17,9/30/17,9 M-15 Y,SUBNATIONAL,Done,34964380,35307150,101,,NO,,NO,YES,1st phase: 6 districts in Java Island,9/3/26 18:17
IDN,Indonesia,WPRO,2018,CatchUp,MR,8/1/18,12/31/18,9 M-15 Y,SUBNATIONAL,Done,31963154,23139539,72.39,OPV,NO,,NO,YES,2nd phase: 144 districts,9/3/26 18:17
IDN,Indonesia,WPRO,2022,FollowUp,MR,5/18/22,10/31/22,9 M-<15 Y,SUBNATIONAL,Done,36497635,26529596,72.7,,NO,,NO,NO,"9 N -<15 Y (in 5 provs), 9 M -<12 Y (in 22 prov), 9-59 M (in other prov)",9/3/26 18:17
IDN,Indonesia,WPRO,2025,OR,M_MR,8/1/25,1/15/26,9 M-15 Y,SUBNATIONAL,Done,555843,326593,58.76,,,,,,,9/3/26 18:17
IDN,Indonesia,WPRO,2027,SNID,M_MR,2027,,,SUBNATIONAL,Planned,,,,,,,,,,9/3/26 18:17
IND,India,SEARO,2000,MopUp,MEASLES,2000,,9-59 M,SUBNATIONAL,Done,974034,739417,76,,NO,,NO,NO,4 States,9/3/26 18:17
IND,India,SEARO,2001,MopUp,MEASLES,2001,,9-59 M,SUBNATIONAL,Done,1384891,962474,69,,NO,,NO,NO,urban measles campaigns,9/3/26 18:17
IND,India,SEARO,2010,CatchUp,MEASLES,11/1/10,1/31/11,9 M-10 Y,Rollover-National,Done,10469900,9367822,89,,NO,,NO,NO,PHASE I 45 districts in 13 states,9/3/26 18:17
IND,India,SEARO,2011,CatchUp,MEASLES,1/31/11,7/9/11,9 M-10 Y,Rollover-National,Done,3375785,2709014,80.2,,NO,,NO,NO,Phase 1,9/3/26 18:17
IND,India,SEARO,2011,CatchUp,MEASLES,9/19/11,3/27/12,9 M-10 Y,Rollover-National,Done,30751230,27919440,91,,NO,,NO,NO,Phase 2 - 14 States in the country,9/3/26 18:17
IND,India,SEARO,2012,CatchUp,MEASLES,1/9/12,6/6/12,9 M-9 Y,SUBNATIONAL,Done,9416352,8215227,87.2,,NO,,NO,NO,Phase 2,9/3/26 18:17
IND,India,SEARO,2012,CatchUp,MEASLES,9/11/12,3/4/13,9 M-9 Y,SUBNATIONAL,Done,40717830,36976590,90.8,,NO,,NO,NO,,9/3/26 18:17
IND,India,SEARO,2013,CatchUp,MEASLES,1/28/13,11/26/13,9 M-9 Y,SUBNATIONAL,Done,36012800,33639700,93.4,,NO,,NO,NO,,9/3/26 18:17
IND,India,SEARO,2015,OR,MEASLES,12/17/15,,9 M-15 Y,SUBNATIONAL,Done,,890070,,,NO,,NO,NO,,9/3/26 18:17
IND,India,SEARO,2017,CatchUp,MR,2/6/17,5/31/17,9 M-15 Y,Rollover-National,Done,17604872,16953353,96,,NO,,NO,YES,State: Tamil Nadu,9/3/26 18:17
IND,India,SEARO,2017,CatchUp,MR,2/6/17,6/10/17,9 M-15 Y,Rollover-National,Done,304270,266127,87,,NO,,NO,YES,State: Puducherry,9/3/26 18:17
IND,India,SEARO,2017,CatchUp,MR,2/6/17,5/30/17,9 M-15 Y,Rollover-National,Done,15791,12041,76,,NO,,NO,YES,State: Lakshadweep,9/3/26 18:17
IND,India,SEARO,2017,CatchUp,MR,2/7/17,3/19/17,9 M-15 Y,Rollover-National,Done,16032635,15845040,99,,NO,,NO,YES,State: Karnataka,9/3/26 18:17
IND,India,SEARO,2017,CatchUp,MR,2/8/17,3/20/17,9 M-15 Y,Rollover-National,Done,320479,311839,97,,NO,,NO,YES,State: Goa,9/3/26 18:17
IND,India,SEARO,2017,CatchUp,MR,8/1/17,9/8/17,9 M-15 Y,Rollover-National,Done,11853515,11458376,96,,NO,,NO,YES,State: Andhra Pradesh,9/3/26 18:17
IND,India,SEARO,2017,CatchUp,MR,8/2/17,9/13/17,9 M-15 Y,Rollover-National,Done,113721,115300,101,,NO,,NO,YES,State: Dadra & Nagar Haveli,9/3/26 18:17
IND,India,SEARO,2017,CatchUp,MR,8/3/17,9/11/17,9 M-15 Y,Rollover-National,Done,57690,61958,107,,NO,,NO,YES,State: Daman & Diu,9/3/26 18:17
IND,India,SEARO,2017,CatchUp,MR,8/4/17,10/31/17,9 M-15 Y,Rollover-National,Done,310000,300738,97,,NO,,NO,YES,State: Chandigarh,9/3/26 18:17
IND,India,SEARO,2017,CatchUp,MR,8/17/17,9/30/17,9 M-15 Y,Rollover-National,Done,9001117,9148171,102,,NO,,NO,YES,State: Telangana,9/3/26 18:17
IND,India,SEARO,2017,CatchUp,MR,8/30/17,10/15/17,9 M-15 Y,Rollover-National,Done,1774281,1807566,102,,NO,,NO,YES,State: Himachal Pradesh,9/3/26 18:17
IND,India,SEARO,2017,CatchUp,MR,10/3/17,3/30/18,9 M-15 Y,Rollover-National,Done,7264838,6476206,89,,NO,,NO,YES,State: Kerala,9/3/26 18:17
IND,India,SEARO,2017,CatchUp,MR,10/30/17,1/20/18,9 M-15 Y,Rollover-National,Done,2835658,2876211,101,,NO,,NO,YES,State: Uttarakhand,9/3/26 18:17
IND,India,SEARO,2018,CatchUp,MR,1/29/18,4/6/18,9 M-15 Y,Rollover-National,Done,11225634,11037026,98,,NO,,NO,YES,State: Odisha,9/3/26 18:17
IND,India,SEARO,2018,CatchUp,MR,2/1/18,3/13/18,9 M-15 Y,Rollover-National,Done,438386,443054,101,,NO,,NO,YES,State: Arunachal Pradesh,9/3/26 18:17
IND,India,SEARO,2018,CatchUp,MR,3/26/18,6/26/18,9 M-15 Y,Rollover-National,Done,818175,793855,97,,NO,,NO,YES,"State: Manipur
Assam, Haryana, Mizoram,Punjab, A&N Islands",9/3/26 18:17
IND,India,SEARO,2018,CatchUp,MR,4/12/18,8/30/18,9 M-15 Y,Rollover-National,Done,83041,77669,94,,NO,,NO,YES,State: Andaman & Nicobar,9/3/26 18:17
IND,India,SEARO,2018,CatchUp,MR,4/16/18,5/28/18,9 M-15 Y,Rollover-National,Done,324180,323917,100,,NO,,NO,YES,State: Mizoram,9/3/26 18:17
IND,India,SEARO,2018,CatchUp,MR,4/25/18,9/15/18,9 M-15 Y,Rollover-National,Done,7438000,7364000,99,,NO,,NO,YES,State: Haryana,9/3/26 18:17
IND,India,SEARO,2018,CatchUp,MR,5/1/18,8/31/18,9 M-15 Y,Rollover-National,Done,6963866,6684244,96,,NO,,NO,YES,State: Punjab,9/3/26 18:17
IND,India,SEARO,2018,CatchUp,MR,7/16/18,11/14/18,9 M-15 Y,Rollover-National,Done,15157000,14560000,96,,NO,,NO,YES,State: Gujarat,9/3/26 18:17
IND,India,SEARO,2018,CatchUp,MR,7/26/18,12/24/18,9 M-15 Y,Rollover-National,Done,10602000,10257000,96.7,,NO,,YES,YES,State: Jharkhand,9/3/26 18:17
IND,India,SEARO,2018,CatchUp,MR,8/18/18,12/31/18,9 M-15 Y,Rollover-National,Done,9209059,9028321,98,,NO,,NO,YES,State: Assam,9/3/26 18:17
IND,India,SEARO,2018,CatchUp,MR,9/15/18,1/5/19,9 M-15 Y,Rollover-National,Done,956000,897000,93.8,,NO,,NO,YES,State: Tripura,9/3/26 18:17
IND,India,SEARO,2018,CatchUp,MR,9/24/18,,9 M-15 Y,Rollover-National,Done,1156000,1107000,95.8,,NO,,NO,YES,State: Meghalaya,9/3/26 18:17
IND,India,SEARO,2018,CatchUp,MR,9/24/18,12/15/18,9 M-15 Y,Rollover-National,Done,3762000,3757000,99.9,,NO,,NO,YES,State: Jammu & Kashmir,9/3/26 18:17
IND,India,SEARO,2018,CatchUp,MR,10/3/18,12/8/18,9 M-15 Y,Rollover-National,Done,448504,438627,98,,NO,,NO,NO,State: Nagaland,9/3/26 18:17
IND,India,SEARO,2018,CatchUp,MR,10/6/18,,9 M-15 Y,Rollover-National,Done,7778000,7792000,100.2,,NO,,NO,YES,State: Chhattisgarh,9/3/26 18:17
IND,India,SEARO,2018,CatchUp,MR,11/26/18,,9 M-15 Y,Rollover-National,Done,76403000,75720000,99.1,,NO,,NO,YES,State: Uttar Pradesh,9/3/26 18:17
IND,India,SEARO,2018,CatchUp,MR,11/27/18,,9 M-15 Y,Rollover-National,Done,29052000,25866000,89,,NO,,NO,YES,State: Maharashtra,9/3/26 18:17
IND,India,SEARO,2019,CatchUp,MR,1/15/19,,9 M-15 Y,Rollover-National,Done,23245000,22822000,98.2,,NO,,NO,YES,State: Madhya Pradesh,9/3/26 18:17
IND,India,SEARO,2019,CatchUp,MR,1/15/19,,9 M-15 Y,Rollover-National,Done,37757000,38415000,101.7,,NO,,NO,YES,State: Bihar,9/3/26 18:17
IND,India,SEARO,2019,CatchUp,MR,1/16/19,,9 M-15 Y,Rollover-National,Planned,5539000,,,,NO,,NO,NO,State: Delhi,9/3/26 18:17
IND,India,SEARO,2019,CatchUp,MR,7/1/19,,9 M-15 Y,Rollover-National,Planned,27779000,,,,NO,,NO,NO,State: Rajasthan,9/3/26 18:17
IND,India,SEARO,2019,CatchUp,MR,8/1/19,,9 M-15 Y,Rollover-National,Planned,180000,,,,NO,,NO,NO,State: Sikkim,9/3/26 18:17
IND,India,SEARO,2021,Campaign,MR,2021,,9 M-15 Y,SUBNATIONAL,Planned,31066000,,,,NO,,NO,NO,,9/3/26 18:17
IND,India,SEARO,2023,Campaign,M_MR,1/9/23,3/31/23,9 M-15 Y,SUBNATIONAL,Done,23143910,22312648,96.41,,,,,,West Bengal,9/3/26 18:17
IND,India,SEARO,2023,Campaign,M_MR,2/6/23,3/29/23,9-59 M,SUBNATIONAL,Done,1097999,1119648,101.97,,,,,,Delhi,9/3/26 18:17
IND,India,SEARO,2023,CatchUp-SIA,M_MR,2/6/23,6/15/23,9 M-15 Y,SUBNATIONAL,Done,4993928,5012958,100.38,,,,,,"Haryana, Jharkhand",9/3/26 18:17
IRL,Ireland,EURO,2005,CatchUp,MEASLES,9/1/05,,<25 Y,NATIONAL,Done,,,,,NO,,NO,NO,,9/3/26 18:17
IRL,Ireland,EURO,2005,CatchUp,MR,9/1/05,,<25 Y,NATIONAL,Done,,,,,NO,,NO,NO,NA,9/3/26 18:17
IRL,Ireland,EURO,2009,CatchUp,MMR,4/24/09,,15-18 Y,NATIONAL,Done,125754,125754,100,,NO,,NO,NO,NA,9/3/26 18:17
IRL,Ireland,EURO,2024,CatchUp-SIA,MMR,3/6/24,9/30/24,Other,NATIONAL,Done,413021,11683,2.83,,,,,,,9/3/26 18:17
IRN,Iran (Islamic Republic of),EMRO,2003,CatchUp,MR,12/6/03,12/31/03,5-25 Y,NATIONAL,Done,32928710,33527340,102,,NO,,NO,NO,NA,9/3/26 18:17
IRN,Iran (Islamic Republic of),EMRO,2007,FollowUp,MR,11/1/07,12/31/07,12-59 M,SUBNATIONAL,Done,313479,310859,99,,NO,,NO,NO,1/3 pf the country (Sistan),9/3/26 18:17
IRN,Iran (Islamic Republic of),EMRO,2007,MopUp,MR,12/1/07,,unknown,SUBNATIONAL,Done,40791,40791,100,,NO,,NO,NO,Kerman,9/3/26 18:17
IRN,Iran (Islamic Republic of),EMRO,2010,MopUp,MMR,4/1/10,8/31/10,9 M-12 Y,SUBNATIONAL,Done,118190,117009,99,,NO,,NO,NO,Outbreaks: 5 Provinces,9/3/26 18:17
IRN,Iran (Islamic Republic of),EMRO,2012,Campaign,MEASLES,6/1/12,11/1/12,9 M-12 Y,SUBNATIONAL,Done,147339,142730,97,,NO,,NO,NO,,9/3/26 18:17
IRN,Iran (Islamic Republic of),EMRO,2013,Campaign,MMR,6/1/13,,9 M-12 Y,SUBNATIONAL,Done,162420,157000,97,,NO,,NO,NO,SIA,9/3/26 18:17
IRN,Iran (Islamic Republic of),EMRO,2015,FollowUp,MR,11/1/15,,9 M-15 Y,SUBNATIONAL,Done,1823000,1804000,99,,NO,,NO,NO,South-east areas of the country,9/3/26 18:17
IRN,Iran (Islamic Republic of),EMRO,2015,OR,MEASLES,1/1/15,,9 M-12 Y,SUBNATIONAL,Done,35915,,,,NO,,NO,NO,Zahedan,9/3/26 18:17
IRN,Iran (Islamic Republic of),EMRO,2015,OR,MEASLES,1/1/15,,9 M-12 Y,SUBNATIONAL,Done,5135,,,,NO,,NO,NO,Esfehan,9/3/26 18:17
IRN,Iran (Islamic Republic of),EMRO,2015,OR,MEASLES,2/1/15,,9 M-12 Y,SUBNATIONAL,Done,18000,,,,NO,,NO,NO,Iranshahr,9/3/26 18:17
IRN,Iran (Islamic Republic of),EMRO,2015,OR,MEASLES,3/1/15,,9 M-12 Y,SUBNATIONAL,Done,23000,,,,NO,,NO,NO,Jiroft,9/3/26 18:17
IRN,Iran (Islamic Republic of),EMRO,2015,OR,MEASLES,6/1/15,,9 M-12 Y,SUBNATIONAL,Done,24000,,,,NO,,NO,NO,Bushehr,9/3/26 18:17
IRN,Iran (Islamic Republic of),EMRO,2015,OR,MEASLES,7/1/15,,9 M-12 Y,SUBNATIONAL,Done,12550,,,,NO,,NO,NO,Hormozgan,9/3/26 18:17
IRQ,Iraq,EMRO,2002,FollowUp,MEASLES,3/5/02,,9-59 M,NATIONAL,Done,3665962,3619402,99,,NO,,NO,NO,,9/3/26 18:17
IRQ,Iraq,EMRO,2004,CatchUp,MMR,3/3/04,,6-12 Y,Rollover-National,Done,5153580,5123983,99,,NO,,NO,NO,NA,9/3/26 18:17
IRQ,Iraq,EMRO,2004,CatchUp,MMR,12/18/04,,6 Y,Rollover-National,Done,923022,862848,93,,NO,,NO,NO,school entry children,9/3/26 18:17
IRQ,Iraq,EMRO,2004,MopUp,MMR,12/1/04,,9 M-7 Y,SUBNATIONAL,Done,36720,37688,103,,NO,,NO,NO,MMR + M in Falluja district. For Intra Displacement Persons,9/3/26 18:17
IRQ,Iraq,EMRO,2005,CatchUp,MEASLES,2005,,12-59 M,NATIONAL,Done,934541,900000,96,,NO,,NO,NO,,9/3/26 18:17
IRQ,Iraq,EMRO,2005,CatchUp,MMR,4/1/05,5/30/05,12-59 M,Rollover-National,Done,2700000,2650000,98,,NO,,NO,NO,19 Governorates,9/3/26 18:17
IRQ,Iraq,EMRO,2006,FollowUp,MMR,11/1/06,,12-60 M,UNKNOWN,Done,4940941,4520382,91,,NO,,NO,NO,,9/3/26 18:17
IRQ,Iraq,EMRO,2007,FollowUp,MMR,4/1/07,5/1/07,12-59 M,NATIONAL,Done,3874667,3560538,92,,NO,,NO,NO,NA,9/3/26 18:17
IRQ,Iraq,EMRO,2008,MopUp,MMR,3/1/08,3/31/08,1-5 Y,SUBNATIONAL,Done,206549,198075,96,,NO,,NO,NO,Anbar,9/3/26 18:17
IRQ,Iraq,EMRO,2008,MopUp,MMR,3/1/08,3/31/08,7-36 M,SUBNATIONAL,Done,48772,52673,108,,NO,,NO,NO,Nenawa,9/3/26 18:17
IRQ,Iraq,EMRO,2008,MopUp,MMR,4/1/08,,9-59 M,SUBNATIONAL,Done,54210,38094,70,,NO,,NO,NO,KarKuk,9/3/26 18:17
IRQ,Iraq,EMRO,2008,MopUp,MMR,4/1/08,,9-59 M,SUBNATIONAL,Done,157024,154369,98,,NO,,NO,NO,Salahadin,9/3/26 18:17
IRQ,Iraq,EMRO,2008,MopUp,MMR,6/30/08,6/30/08,<5 Y,SUBNATIONAL,Done,,70621,,,NO,,NO,NO,Babil,9/3/26 18:17
IRQ,Iraq,EMRO,2009,CatchUp,MMR,3/1/09,,unknown,NATIONAL,Done,1195731,1071243,90,,NO,,NO,NO,1st-Pimary,9/3/26 18:17
IRQ,Iraq,EMRO,2009,FollowUp,MEASLES,5/10/09,,9-60 M,SUBNATIONAL,Done,183377,180669,99,,NO,,NO,NO,,9/3/26 18:17
IRQ,Iraq,EMRO,2009,FollowUp,MEASLES,5/22/09,,9-59 M,SUBNATIONAL,Done,704114,659753,94,,NO,,NO,NO,,9/3/26 18:17
IRQ,Iraq,EMRO,2009,FollowUp,MEASLES,10/11/09,,6-60 M,NATIONAL,Done,3921679,3853685,98,,NO,,NO,NO,,9/3/26 18:17
IRQ,Iraq,EMRO,2009,FollowUp,MEASLES,12/6/09,,5-12 Y,NATIONAL,Done,5955179,5418645,91,,NO,,NO,NO,,9/3/26 18:17
IRQ,Iraq,EMRO,2010,FollowUp,MEASLES,11/21/10,,9-59 M,NATIONAL,Done,2794889,2603752,93,,NO,,NO,NO,,9/3/26 18:17
IRQ,Iraq,EMRO,2010,MopUp,MEASLES,2010,,9 M-12 Y,SUBNATIONAL,Done,118190,117009,99,,NO,,NO,NO,,9/3/26 18:17
IRQ,Iraq,EMRO,2011,CatchUp,MEASLES,9/10/11,,18-24 Y,UNKNOWN,Done,4703538,1849139,40,,NO,,NO,NO,,9/3/26 18:17
IRQ,Iraq,EMRO,2012,FollowUp,MEASLES,12/2/12,12/20/12,6 M-5 Y,NATIONAL,Done,5018946,4733889,94,,NO,,NO,NO,,9/3/26 18:17
IRQ,Iraq,EMRO,2013,FollowUp,MEASLES,2/24/13,3/7/13,6-12 Y,NATIONAL,Done,5769940,5563532,96,,NO,,NO,NO,,9/3/26 18:17
IRQ,Iraq,EMRO,2014,FollowUp,MEASLES,12/21/14,12/31/14,9-36 M,NATIONAL,Done,3434096,3295122,96,,NO,,NO,NO,,9/3/26 18:17
IRQ,Iraq,EMRO,2015,FollowUp,MR,2/22/15,3/6/15,9 M-5 Y,SUBNATIONAL,Done,613205,604293,99,,NO,,NO,YES,"Kurdistan Region ( Erbil, Sulaimania, Duhok & Disputed Areas)",9/3/26 18:17
IRQ,Iraq,EMRO,2015,FollowUp,MR,8/30/15,9/10/15,9 M-5 Y,NATIONAL,Done,4151670,3857360,93,,NO,,NO,YES,"All provinces except ERBIL, SULAIMANINA, DUHOK",9/3/26 18:17
IRQ,Iraq,EMRO,2016,FollowUp,MR,8/1/16,,9-36 M,SUBNATIONAL,Done,184500,111092,60,,NO,,NO,NO,,9/3/26 18:17
IRQ,Iraq,EMRO,2016,FollowUp,MR,12/18/16,12/29/16,9-36 M,SUBNATIONAL,Done,627623,542533,86,,NO,,NO,NO,,9/3/26 18:17
IRQ,Iraq,EMRO,2017,CatchUp,MMR,1/2/17,1/9/17,6-13 Y,SUBNATIONAL,Done,389483,319314,82,,NO,,NO,NO,Baghdad - Resafa,9/3/26 18:17
IRQ,Iraq,EMRO,2018,Campaign,MMR,9/2/18,9/13/18,9 M-5 Y,NATIONAL,Done,2252811,2095740,93,,NO,,NO,NO,,9/3/26 18:17
IRQ,Iraq,EMRO,2018,CatchUp,MMR,9/2/18,9/13/18,9 M-5 Y,NATIONAL,Done,2252811,2095740,93,,NO,,NO,NO,,9/3/26 18:17
IRQ,Iraq,EMRO,2019,NID,MMR,3/10/19,3/24/19,9 M-5 Y,SUBNATIONAL,Done,2693461,2421421,90,,NO,,NO,NO,,9/3/26 18:17
IRQ,Iraq,EMRO,2024,Campaign,MMR,4/14/24,4/25/24,6-12 Y,NATIONAL,Done,7397115,6749577,91.25,,,,,,,9/3/26 18:17
ISL,Iceland,EURO,2019,Campaign,MMR,2/1/19,4/30/19,6-18 M,SUBNATIONAL,Done,3845,2838,74,,NO,,NO,NO,,9/3/26 18:17
ISL,Iceland,EURO,2019,Campaign,MMR,2/1/19,4/30/19,unvaccinated children 2-17 Y,SUBNATIONAL,Done,3513,133,4,,NO,,NO,NO,,9/3/26 18:17
ISL,Iceland,EURO,2020,Campaign,MMR,2/1/20,4/30/20,Unvaccinated adults 18-45 Y,SUBNATIONAL,Done,73730,1323,2,,NO,,NO,NO,,9/3/26 18:17
ITA,Italy,EURO,2007,CatchUp,MMR,1/12/07,3/1/07,2-10 Y,SUBNATIONAL,Done,,1251,,,NO,,NO,NO,,9/3/26 18:17
JAM,Jamaica,AMRO,2000,FollowUp,MEASLES,2000,,12-48 M,NATIONAL,Done,,,94,,NO,,NO,NO,,9/3/26 18:17
JAM,Jamaica,AMRO,2003,MopUp,MMR,6/1/03,6/7/03,0-23 M,SUBNATIONAL,Done,5000,950,19,,NO,,NO,NO,6 sites,9/3/26 18:17
JAM,Jamaica,AMRO,2004,FollowUp,MMR,4/23/04,4/30/04,0-59 M,NATIONAL,Done,28000,1800,6,,NO,,NO,NO,vaccination week,9/3/26 18:17
JAM,Jamaica,AMRO,2005,VACWEEK,MMR,4/1/05,,12-23 M,NATIONAL,Done,15000,10913,73,,NO,,NO,NO,NA,9/3/26 18:17
JAM,Jamaica,AMRO,2006,MopUp,MMR,4/22/06,4/29/06,12-72 M,NATIONAL,Done,34920,7452,21,,NO,,NO,NO,NA,9/3/26 18:17
JAM,Jamaica,AMRO,2007,MopUp,MMR,3/1/07,,unknown,UNKNOWN,Done,15312,10936,71,,NO,,NO,NO,unknown,9/3/26 18:17
JAM,Jamaica,AMRO,2015,Campaign,MMR,2015,,1-6 Y,UNKNOWN,Done,109879,93394,85,,NO,,NO,NO,,9/3/26 18:17
JOR,Jordan,EMRO,2003,MopUp,MEASLES,4/1/03,8/1/03,9 M-14 Y,SUBNATIONAL,Done,3244,3244,100,,NO,,NO,NO,High risk groups Gypsies & Bedouins,9/3/26 18:17
JOR,Jordan,EMRO,2004,MopUp,MMR,12/1/04,,9 M-14 Y,SUBNATIONAL,Done,190,190,100,,NO,,NO,NO,HR groups and gypsies (Measles + MMR),9/3/26 18:17
JOR,Jordan,EMRO,2006,CatchUp,MMR,1/1/06,4/30/06,8-16 Y,NATIONAL,Done,201355,175291,87.1,,NO,,NO,NO,,9/3/26 18:17
JOR,Jordan,EMRO,2012,Campaign,MEASLES,11/27/12,12/6/12,<5 Y,SUBNATIONAL,Done,182992,163001,90,,NO,,NO,NO,,9/3/26 18:17
JOR,Jordan,EMRO,2013,FollowUp,MR,11/2/13,11/20/13,6 M-19 Y,NATIONAL,Done,3303827,3361516,102,,YES,97,YES,NO,,9/3/26 18:17
JOR,Jordan,EMRO,2013,OR,MEASLES,6/1/13,7/31/13,9 M-14 Y,SUBNATIONAL,Done,606085,639420,106,,NO,,NO,NO,,9/3/26 18:17
JOR,Jordan,EMRO,2019,Campaign,MEASLES,12/8/19,12/30/19,6 M-6 Y,SUBNATIONAL,Done,84232,81604,97,,NO,,NO,NO,,9/3/26 18:17
KAZ,Kazakhstan,EURO,2005,CatchUp,MR,2/21/05,3/7/05,15-25 Y,NATIONAL,Done,1565997,1554465,99.3,,NO,,NO,NO,NA,9/3/26 18:17
KAZ,Kazakhstan,EURO,2005,CatchUp,RCV,9/1/05,10/1/05,CBAW,NATIONAL,Done,1203708,1198356,99.6,,NO,,NO,NO,NA,9/3/26 18:17
KAZ,Kazakhstan,EURO,2015,FollowUp,MEASLES,1/26/15,3/31/15,15-19 Y,NATIONAL,Done,1200000,520000,43,,NO,,NO,NO,,9/3/26 18:17
KAZ,Kazakhstan,EURO,2019,Campaign,MMR,4/1/19,12/31/19,9-11 M,NATIONAL,Done,263596,235908,89,,NO,,NO,NO,,9/3/26 18:17
KAZ,Kazakhstan,EURO,2019,Campaign,MR,9/16/19,12/30/19,20-29 Y,NATIONAL,Done,2651050,1744314,66,,NO,,NO,NO,,9/3/26 18:17
KAZ,Kazakhstan,EURO,2023,CatchUp-SIA,MMR,11/6/23,4/30/24,0-48 M,NATIONAL,Done,1500000,1438000,95.87,,,,,,,9/3/26 18:17
KEN,Kenya,AFRO,2000,MopUp,MEASLES,11/25/00,,9-59 M,SUBNATIONAL,Done,,,,,NO,,NO,NO,"N. Kenya, 14 districts in drought area",9/3/26 18:17
KEN,Kenya,AFRO,2002,CatchUp,MEASLES,6/17/02,6/23/02,9 M-14 Y,NATIONAL,Done,13582031,13302991,97.9,,YES,94,YES,YES,,9/3/26 18:17
KEN,Kenya,AFRO,2004,MopUp,MEASLES,10/11/04,10/17/04,9-49 M,SUBNATIONAL,Done,238713,205084,86,,NO,,NO,NO,7 stricken districts,9/3/26 18:17
KEN,Kenya,AFRO,2005,SNID,MEASLES,10/8/05,,0-59 M,SUBNATIONAL,Done,123390,121718,92,,NO,,NO,NO,"Districts: Wajir, Garissa, Ijara, Moyale",9/3/26 18:17
KEN,Kenya,AFRO,2006,FollowUp,MEASLES,7/8/06,7/12/06,9-59 M,SUBNATIONAL,Done,4739029,5260241,111,,NO,,NO,NO,62 districts,9/3/26 18:17
KEN,Kenya,AFRO,2006,OR,MEASLES,4/29/06,5/5/06,9-59 M,NATIONAL,Done,492813,490974,100,,NO,,NO,NO,"16 districts: Marsabit, Garirssa, Wajir, Mandera, Tana River, Isiolo and Nairobi (Kibera)",9/3/26 18:17
KEN,Kenya,AFRO,2009,FollowUp,MEASLES,9/19/09,9/25/09,9-59 M,NATIONAL,Done,6717404,5525400,82,,NO,,NO,NO,,9/3/26 18:17
KEN,Kenya,AFRO,2012,FollowUp,MEASLES,11/1/12,11/7/12,9-59 M,NATIONAL,Done,5594065,5995049,107,,YES,90,YES,NO,,9/3/26 18:17
KEN,Kenya,AFRO,2016,CatchUp,MR,5/16/16,5/24/16,9 M-14 Y,NATIONAL,Done,19001470,19154580,100.8,,YES,95,YES,YES,,9/3/26 18:17
KEN,Kenya,AFRO,2018,OR,MR,10/27/18,10/31/18,6-59 M,SUBNATIONAL,Done,205268,146598,79,,NO,,NO,NO,,9/3/26 18:17
KEN,Kenya,AFRO,2018,OR,MR,12/3/18,12/7/18,6-59 M,SUBNATIONAL,Done,3144,3244,103,,NO,,NO,NO,,9/3/26 18:17
KEN,Kenya,AFRO,2021,CatchUp,MR,1/11/21,3/31/21,0-5 Y,NATIONAL,Done,1517680,1293446,85.23,,,,,,,9/3/26 18:17
KEN,Kenya,AFRO,2021,CatchUp,MR,1/11/21,3/31/21,0-5 Y,NATIONAL,Done,1517680,862763,56.85,,,,,,,9/3/26 18:17
KEN,Kenya,AFRO,2021,CatchUp,MR,6/26/21,7/5/21,9-59 M,SUBNATIONAL,Done,3374464,3772593,112,VitA,YES,84.2,YES,YES,"Baringo, Homabay, Kisumu, Bomet, Kajiado, Mandera, Bungoma, Kakamega, Migori,
Busia, Kilifi, Nairobi, Garissa, Kisii, Narok, Tana River, Trans
Nzioa, Turkana, Vihiga, Wajir, Elgeyo Marakwet and Westpokot",9/3/26 18:17
KEN,Kenya,AFRO,2022,SNID,M_MR,12/9/22,12/16/22,9-59 M,SUBNATIONAL,Done,1238875,1096205,88.48,,,,,,,9/3/26 18:17
KEN,Kenya,AFRO,2025,FollowUp,MR,7/4/25,7/14/25,9-59 M,NATIONAL,Done,6419248,5389627,84,TCV; big-catchup; polio,YES,84.7,NO,YES,,9/3/26 18:17
KEN,Kenya,AFRO,2025,OR,M_MR,3/5/25,3/9/25,6-59 M,SUBNATIONAL,Done,62789,66330,105.6,,NO,,,,,9/3/26 18:17
KGZ,Kyrgyzstan,EURO,2001,CatchUp,MR,11/12/01,,7-25 Y,NATIONAL,Done,1859075,1847742,99.4,,NO,,NO,NO,NA,9/3/26 18:17
KGZ,Kyrgyzstan,EURO,2002,FollowUp,MR,9/1/02,,26-36 Y,UNKNOWN,Done,,292000,97.1,,NO,,NO,NO,unknown,9/3/26 18:17
KGZ,Kyrgyzstan,EURO,2015,OR,MR,3/16/15,3/28/15,7-20 Y,SUBNATIONAL,Done,404245,373913,92,,NO,,NO,YES,"+ healthcare professionals, teachers, and military 21 to 50 years old in Bishkek city and Chui
oblast",9/3/26 18:17
KGZ,Kyrgyzstan,EURO,2015,OR,MR,5/12/15,5/23/15,1-20 Y,NATIONAL,Done,1725751,1671605,96,,NO,,NO,YES,"16-6 Y in Bishkek city and Chui region, institutionalized children + gen population, 1-20 Y + employees of preschool institutions, healthcare staff, teachers, and military 21 to 50 years old in
all the other regions of the country",9/3/26 18:17
KGZ,Kyrgyzstan,EURO,2023,OR,MR,9/18/23,9/25/23,9-84 M,SUBNATIONAL,Done,605000,479000,79.17,,YES,,YES,NO,,9/3/26 18:17
KGZ,Kyrgyzstan,EURO,2024,OR,MR,6/10/24,8/9/24,7-84 M,SUBNATIONAL,Done,178248,140986,79,,YES,,YES,YES,,9/3/26 18:17
KGZ,Kyrgyzstan,EURO,2025,MopUp,M_MR,1/1/25,12/31/25,Other,NATIONAL,Done,137955,119381,86.5,,,,,,,9/3/26 18:17
KHM,Cambodia,WPRO,2000,MopUp,MEASLES,1/1/00,,9-59 M,SUBNATIONAL,Done,228532,187396,82,,NO,,NO,NO,"concentrate on hard to reach areas, will cover about half the country's land area but much smaller % of the popn",9/3/26 18:17
KHM,Cambodia,WPRO,2001,CatchUp,MEASLES,10/1/01,,9 M-14 Y,Rollover-National,Done,2447606,2412141,98,,NO,,NO,NO,"Phnom Penh, Kandal, Prey Veng, Siemreap, Takeo, Kg. Speu, Kg. Thom, Banteay Meanchey",9/3/26 18:17
KHM,Cambodia,WPRO,2001,MopUp,MEASLES,1/1/01,,9-59 M,SUBNATIONAL,Done,171772,154594,90,,NO,,NO,NO,,9/3/26 18:17
KHM,Cambodia,WPRO,2002,CatchUp,MEASLES,11/1/02,,9 M-14 Y,Rollover-National,Done,2021339,2078520,103,,NO,,NO,NO,"Kampong Cham, Battambang, Kep, Kampot, Svag Reing, Rattanakiri,",9/3/26 18:17
KHM,Cambodia,WPRO,2003,CatchUp,MEASLES,1/1/03,5/1/03,9 M-14 Y,Rollover-National,Done,2021339,2078502,103,,NO,,NO,NO,29 ODs,9/3/26 18:17
KHM,Cambodia,WPRO,2004,CatchUp,MEASLES,1/1/04,5/30/04,7-14 Y,Rollover-National,Done,417690,362397,87,,NO,,NO,NO,13ODs,9/3/26 18:17
KHM,Cambodia,WPRO,2005,FollowUp,MEASLES,10/1/05,,9-59 M,SUBNATIONAL,Done,134067,114949,86,,NO,,NO,NO,,9/3/26 18:17
KHM,Cambodia,WPRO,2007,FollowUp,MEASLES,2/21/07,3/31/07,9-59 M,NATIONAL,Done,1464670,1526530,104,,NO,,NO,NO,NA,9/3/26 18:17
KHM,Cambodia,WPRO,2011,CatchUp,MEASLES,11/1/11,11/30/11,5-9 Y,NATIONAL,Done,306500,318129,103,,NO,,NO,YES,,9/3/26 18:17
KHM,Cambodia,WPRO,2011,FollowUp,MEASLES,2/10/11,3/31/11,9-59 M,NATIONAL,Done,1501231,1504216,100,,NO,,NO,YES,,9/3/26 18:17
KHM,Cambodia,WPRO,2013,CatchUp,MR,10/21/13,12/26/13,9 M-14 Y,NATIONAL,Done,4345392,4576633,105,,NO,,NO,YES,,9/3/26 18:17
KHM,Cambodia,WPRO,2016,OR,MR,3/1/16,3/31/16,9-59 M,SUBNATIONAL,Done,840027,766743,91,,NO,,NO,NO,,9/3/26 18:17
KHM,Cambodia,WPRO,2017,FollowUp,MR,3/27/17,5/9/17,6-59 M,NATIONAL,Done,1613925,1452821,90,,YES,75,YES,YES,Phase 1: 27 March – 3 April 2017 (15 provinces) and Phase 2: 2-9 May 2017 (10 provinces),9/3/26 18:17
KHM,Cambodia,WPRO,2019,Campaign,MR,3/1/19,5/31/19,6 M-15 Y,SUBNATIONAL,Done,108540,96893,89,,NO,,NO,NO,,9/3/26 18:17
KHM,Cambodia,WPRO,2020,MopUp,MR,4/1/20,,9 M-9 Y,SUBNATIONAL,Done,,,,,NO,,NO,NO,,9/3/26 18:17
KHM,Cambodia,WPRO,2024,FollowUp,MR,11/1/24,12/6/24,9-59 M,NATIONAL,Done,1467959,1450753,98.82,,NO,,NO,NO,,9/3/26 18:17
KHM,Cambodia,WPRO,2025,Campaign,M_MR,7/28/25,8/8/25,5-9 Y,SUBNATIONAL,Done,932860,996920,106.867,,,,,,high risk provinces,9/3/26 18:17
KHM,Cambodia,WPRO,2025,Campaign,M_MR,12/5/25,12/28/25,6 M-15 Y,SUBNATIONAL,Done,92062,84658,91.96,,,,,,,9/3/26 18:17
KHM,Cambodia,WPRO,2025,OR,M_MR,1/20/25,2/28/25,9-15 Y,SUBNATIONAL,Done,37735,36706,97.273,,,,,,,9/3/26 18:17
KIR,Kiribati,WPRO,2001,FollowUp,MEASLES,9/1/01,,12-59 M,NATIONAL,Done,,,,,NO,,NO,NO,,9/3/26 18:17
KIR,Kiribati,WPRO,2002,FollowUp,MEASLES,10/1/02,11/1/02,12-59 M,NATIONAL,Done,1376,1270,92,,NO,,NO,NO,,9/3/26 18:17
KIR,Kiribati,WPRO,2006,CatchUp,MR,3/13/06,4/4/06,1-19 Y,SUBNATIONAL,Done,42704,40568,95,,NO,,NO,NO,"MR 1-14Y for ALL, 15-19Y for School girls class in all primary school through Kiribati",9/3/26 18:17
KIR,Kiribati,WPRO,2008,FollowUp,MR,6/15/08,,12-59 M,UNKNOWN,Done,,,,,NO,,NO,NO,,9/3/26 18:17
KIR,Kiribati,WPRO,2009,CatchUp,MMR,6/15/09,6/30/09,12-59 M,NATIONAL,Done,9230,9865,106.7,,NO,,NO,NO,,9/3/26 18:17
KIR,Kiribati,WPRO,2019,FollowUp,MR,7/1/19,,1-14 Y,NATIONAL,Done,40564,39035,96,bOPV; VitA; deworming,NO,,NO,NO,,9/3/26 18:17
KIR,Kiribati,WPRO,2023,CatchUp-SIA,M_MR,3/6/23,4/30/23,12-23 M,NATIONAL,Done,5870,5627,95.86,,,,,,,9/3/26 18:17
KNA,Saint Kitts and Nevis,AMRO,2004,MopUp,MMR,4/24/04,4/30/04,unknown,NATIONAL,Done,,266,,,NO,,NO,NO,,9/3/26 18:17
KNA,Saint Kitts and Nevis,AMRO,2025,Vaccination Week,MR_MMR,2025,,12-59 M,NATIONAL,Planned,,,,,,,,,,9/3/26 18:17
KOR,Republic of Korea,WPRO,2001,CatchUp,MEASLES,5/1/01,,8-16 Y,NATIONAL,Done,5848257,5614326,96,,NO,,NO,NO,,9/3/26 18:17
KOR,Republic of Korea,WPRO,2004,MopUp,MEASLES,3/1/04,6/30/04,School-age,NATIONAL,Done,654026,651026,99.54,,NO,,NO,NO,school entry requirement,9/3/26 18:17
KOR,Republic of Korea,WPRO,2005,MopUp,MEASLES,3/1/05,6/30/05,School-age,NATIONAL,Done,623224,622292,99.9,,NO,,NO,NO,school entry requirement,9/3/26 18:17
KOR,Republic of Korea,WPRO,2006,CatchUp,MMR,3/1/06,3/31/06,Children at elementary,NATIONAL,Done,601694,601115,100,,NO,,NO,NO,NA,9/3/26 18:17
KOR,Republic of Korea,WPRO,2007,CatchUp,MMR,3/1/07,,Children at elementary,NATIONAL,Done,606314,605649,100,,NO,,NO,NO,NA,9/3/26 18:17
KOR,Republic of Korea,WPRO,2008,Campaign,MMR,3/1/08,3/31/08,School-age,NATIONAL,Done,532786,532137,99,,NO,,NO,NO,,9/3/26 18:17
KOR,Republic of Korea,WPRO,2009,FollowUp,MMR,1/1/09,,Children at elementary,NATIONAL,Done,466804,466432,100,SYSTEM,NO,,NO,NO,,9/3/26 18:17
KOR,Republic of Korea,WPRO,2019,OR,MMR,1/15/19,2/28/19,"Health care workers, Emergency ambulance workers",SUBNATIONAL,Done,31822,5832,18,,NO,,NO,NO,,9/3/26 18:17
KOR,Republic of Korea,WPRO,2019,OR,MMR,1/19/19,3/26/19,6 M-3 Y,SUBNATIONAL,Done,15514,8664,56,,NO,,NO,NO,"1st dose: 6-11Month, 2nd dose: 1-3Years",9/3/26 18:17
KOR,Republic of Korea,WPRO,2019,OR,MMR,4/7/19,5/31/19,6-11 M,SUBNATIONAL,Done,4500,2332,52,,NO,,NO,NO,,9/3/26 18:17
KWT,Kuwait,EMRO,2010,FollowUp,MEASLES,2010,,1-7 Y,SUBNATIONAL,Done,363329,272829,75,,NO,,NO,NO,,9/3/26 18:17
KWT,Kuwait,EMRO,2017,NID,MMR,2/1/17,,1-19 Y,NATIONAL,Done,1037590,165296,16,,NO,,NO,NO,,9/3/26 18:17
LAO,Lao People's Democratic Republic,WPRO,2000,FollowUp,MEASLES,3/10/00,,9-59 M,Rollover-National,Done,64040,60838,95,,NO,,NO,NO,"Phongsaly, Khammoune provinces",9/3/26 18:17
LAO,Lao People's Democratic Republic,WPRO,2001,FollowUp,MEASLES,3/10/01,,9-59 M,Rollover-National,Done,636730,543000,86,,NO,,NO,NO,entire country except Phongsaly & Khamounae covered in the pilot of 2000,9/3/26 18:17
LAO,Lao People's Democratic Republic,WPRO,2007,CatchUp,MEASLES,11/12/07,11/23/07,9 M-14 Y,NATIONAL,Done,2175342,2086190,96,,NO,,NO,NO,,9/3/26 18:17
LAO,Lao People's Democratic Republic,WPRO,2011,CatchUp,MR,11/1/11,12/6/11,9 M-19 Y,NATIONAL,Done,2693957,2614002,97,,NO,,NO,NO,,9/3/26 18:17
LAO,Lao People's Democratic Republic,WPRO,2012,Campaign,MR,12/1/12,,9 M-<15 Y,SUBNATIONAL,Done,1927,2014,105,,NO,,NO,NO,Outbreak response,9/3/26 18:17
LAO,Lao People's Democratic Republic,WPRO,2014,FollowUp,MR,11/17/14,11/30/14,9 M-9 Y,NATIONAL,Done,1560136,1569224,101,,NO,,NO,YES,,9/3/26 18:17
LAO,Lao People's Democratic Republic,WPRO,2017,FollowUp,MR,1/16/17,1/22/17,9 M-<5 Y,NATIONAL,Done,702756,703924,100,bOPV,NO,,NO,NO,,9/3/26 18:17
LAO,Lao People's Democratic Republic,WPRO,2019,Campaign,MR,4/24/19,5/16/19,6 M-<10 Y,SUBNATIONAL,Done,1029531,937064,91,,NO,,NO,NO,,9/3/26 18:17
LAO,Lao People's Democratic Republic,WPRO,2020,SNID,MR,11/20/20,12/10/20,9-59 M,SUBNATIONAL,Done,237830,220874,93,,NO,,NO,NO,,9/3/26 18:17
LAO,Lao People's Democratic Republic,WPRO,2022,Campaign,M_MR,5/10/22,5/25/22,9-59 M,SUBNATIONAL,Done,376579,195068,51.8,,NO,,NO,NO,,9/3/26 18:17
LAO,Lao People's Democratic Republic,WPRO,2024,Preventive,MR,5/20/24,6/15/24,9-59 M,NATIONAL,Done,633849,603135,95.2,,YES,75.6,YES,,,9/3/26 18:17
LAO,Lao People's Democratic Republic,WPRO,2026,OR,MR,2026-03,,,SUBNATIONAL,Done,,,,bOPV,,,,,High Risk provinces,9/3/26 18:17
LAO,Lao People's Democratic Republic,WPRO,2027,FollowUp,MR,2027,,9-59 M,NATIONAL,Planned,789706,,,,,,,,,9/3/26 18:17
LBN,Lebanon,EMRO,2000,CatchUp,MR,11/1/00,,1-15 Y,NATIONAL,Done,1139648,1059873,93,,NO,,NO,NO,,9/3/26 18:17
LBN,Lebanon,EMRO,2008,CatchUp,MR,3/31/08,4/12/08,9 M-15 Y,SUBNATIONAL,Done,921538,705177,77,,NO,,NO,NO,,9/3/26 18:17
LBN,Lebanon,EMRO,2013,OR,MEASLES,1/1/13,2/28/13,9 M-18 Y,SUBNATIONAL,Done,347488,294079,85,VitA,NO,,NO,NO,,9/3/26 18:17
LBN,Lebanon,EMRO,2013,OR,MEASLES,3/1/13,4/30/13,9 M-18 Y,SUBNATIONAL,Done,407268,308438,78,VitA,NO,,NO,NO,,9/3/26 18:17
LBN,Lebanon,EMRO,2014,FollowUp,MR,4/1/14,4/30/14,9 M-18 Y,NATIONAL,Done,1462728,1056830,72,polio,NO,,NO,NO,,9/3/26 18:17
LBN,Lebanon,EMRO,2017,MopUp,MMR,11/6/17,12/31/17,1-15 Y,SUBNATIONAL,Done,2333,1938,83,OPV; IPV; PCV,NO,,NO,NO,Accelerated immunization activity,9/3/26 18:17
LBN,Lebanon,EMRO,2019,Campaign,MEASLES,2019-12,,6 M-10 Y,NATIONAL,Done,314514,231200,74,,NO,,NO,NO,Phase 1,9/3/26 18:17
LBN,Lebanon,EMRO,2020,Campaign,M_MMR,10/14/20,12/31/20,6 M-9 Y,NATIONAL,Done,364130,248036,68.4,OPV,NO,,NO,NO,,9/3/26 18:17
LBN,Lebanon,EMRO,2023,CaseResponse,M_MMR,4/6/23,6/30/23,Risk groups,Rollover-National,Done,126624,88770,70.11,,,,,,,9/3/26 18:17
LBN,Lebanon,EMRO,2024,Emergency campaign,MMR_POLIO,11/11/24,11/24/24,6 M-10 Y,NATIONAL,Done,14971,11870,79.29,Polio,,,,,,9/3/26 18:17
LBR,Liberia,AFRO,2003,CatchUp,MEASLES,6/1/03,7/1/04,6 M-14 Y,Rollover-National,Done,1495314,1569807,105,,NO,,NO,NO,National,9/3/26 18:17
LBR,Liberia,AFRO,2007,FollowUp,MEASLES,1/22/07,1/26/07,9-59 M,NATIONAL,Done,650000,629676,97,,NO,,NO,NO,,9/3/26 18:17
LBR,Liberia,AFRO,2008,FollowUp,MEASLES,5/1/08,,9-59 M,SUBNATIONAL,Done,665374,632517,95,,NO,,NO,NO,unknown,9/3/26 18:17
LBR,Liberia,AFRO,2010,OR,MEASLES,4/23/10,4/29/10,unknown,NATIONAL,Done,545573,565252,103,,NO,,NO,NO,,9/3/26 18:17
LBR,Liberia,AFRO,2011,FollowUp,MEASLES,11/25/11,12/1/11,6-59 M,NATIONAL,Done,557030,572981,103,,NO,,NO,YES,,9/3/26 18:17
LBR,Liberia,AFRO,2015,FollowUp,MEASLES,5/8/15,5/14/15,9-59 M,NATIONAL,Done,603153,596545,99,OPV(0-59M); deworming (mebendazole:12-59M),YES,90,YES,YES,,9/3/26 18:17
LBR,Liberia,AFRO,2018,FollowUp,MEASLES,2/15/18,3/28/18,9-59 M,NATIONAL,Done,651757,632679,97,,YES,88.8,YES,YES,"Phase 1, targeting Montserrado County, from February 15 - 21, 2018
Phase 2, targeting Nimba, Bong, Grand Bassa, and Margibi, from March 1 – 7, 2018, and
Phase 3, targeting the remaining 10 counties, from March 13 - 19, 2018",9/3/26 18:17
LBR,Liberia,AFRO,2022,OR,MEASLES,2022-07,,6-59 M,SUBNATIONAL,Done,313813,283579,90,,,,,,,9/3/26 18:17
LBR,Liberia,AFRO,2024,FollowUp,MEASLES,11/25/24,12/2/24,9-59 M,NATIONAL,Done,779789,781124,100.2,,YES,81.1,YES,,,9/3/26 18:17
LBR,Liberia,AFRO,2027,CatchUp,MR,2027,,9 M-10 Y,NATIONAL,Planned,1247898,,,,,,,,,9/3/26 18:17
LBY,Libya,EMRO,2005,CatchUp,MR,2/5/05,3/1/05,9 M-20 Y,NATIONAL,Done,2750000,2695000,98,,NO,,NO,NO,NA,9/3/26 18:17
LBY,Libya,EMRO,2008,MopUp,MR,3/29/08,,1-15 Y,SUBNATIONAL,Done,3600,36480,100,,NO,,NO,NO,unknown,9/3/26 18:17
LBY,Libya,EMRO,2008,MopUp,MR,11/25/08,,1-6 Y,UNKNOWN,Done,1500,1550,100,,NO,,NO,NO,unknown,9/3/26 18:17
LBY,Libya,EMRO,2009,CatchUp,MR,12/1/09,,1-20 Y,SUBNATIONAL,Done,56000,,,,NO,,NO,NO,NA,9/3/26 18:17
LBY,Libya,EMRO,2009,FollowUp,MR,2/14/09,,12 M-6 Y,NATIONAL,Done,760000,748345,98,,NO,,NO,NO,NA,9/3/26 18:17
LBY,Libya,EMRO,2017,CatchUp,MMR,10/28/17,11/2/17,3-6 Y,NATIONAL,Done,715797,721488,101,,NO,,NO,NO,,9/3/26 18:17
LBY,Libya,EMRO,2018,FollowUp,MR,12/8/18,12/15/18,9 M-14 Y,NATIONAL,Done,2756219,2654466,96,VitA; polio,NO,,NO,NO,,9/3/26 18:17
LBY,Libya,EMRO,2023,FollowUp,M_MR,6/18/23,6/22/23,9 M-<6 Y,SUBNATIONAL,Done,38250,32741,85.6,,NO,,NO,NO,,9/3/26 18:17
LBY,Libya,EMRO,2023,OR,M_MMR,2/28/23,3/4/23,9-59 M,SUBNATIONAL,Done,1800,1705,94.72,,,,,,,9/3/26 18:17
LBY,Libya,EMRO,2023,OR,M_MMR,3/19/23,3/21/23,9 M-15 Y,SUBNATIONAL,Done,1600,1531,95.69,,,,,,,9/3/26 18:17
LBY,Libya,EMRO,2024,Campaign,MMR,5/5/24,6/13/24,9 M-15 Y,SUBNATIONAL,Done,17500,9942,56.81,Polio,,,,,Municipality/district,9/3/26 18:17
LBY,Libya,EMRO,2024,Campaign,MMR,11/9/24,11/16/24,6-59 M,NATIONAL,Done,1350000,708700,52.49,Polio,,,,,,9/3/26 18:17
LBY,Libya,EMRO,2025,Campaign,M_MR,7/19/25,7/29/25,9 M-15 Y,SUBNATIONAL,Done,183400,175696,95.8,,,,,,,9/3/26 18:17
LBY,Libya,EMRO,2025,Campaign,M_MR,9/20/25,10/11/25,9 M-14 Y,SUBNATIONAL,Done,354861,138271,38.96,,,,,,,9/3/26 18:17
LBY,Libya,EMRO,2027,,MR,2027-10,,9 M-15 Y,NATIONAL,Planned,2760000,,,,,,,,,9/3/26 18:17
LKA,Sri Lanka,SEARO,2003,CatchUp,MEASLES,6/1/03,9/30/03,10-14 Y,Rollover-National,Done,1987847,1897173,95.4,,NO,,NO,NO,,9/3/26 18:17
LKA,Sri Lanka,SEARO,2004,CatchUp,MR,9/11/04,9/12/04,16-20 Y,Rollover-National,Done,1890326,1362108,72,,NO,,NO,NO,unknown,9/3/26 18:17
LKA,Sri Lanka,SEARO,2013,Campaign,MEASLES,5/7/13,,6-12 M,NATIONAL,Done,176587,173187,98,,NO,,NO,NO,SIA,9/3/26 18:17
LKA,Sri Lanka,SEARO,2024,CatchUp-SIA,MMR,1/6/24,1/27/24,6-11 M,SUBNATIONAL,Done,30033,28662,95.44,,,,,,,9/3/26 18:17
LKA,Sri Lanka,SEARO,2024,CatchUp-SIA,MR_MMR,11/4/24,11/9/24,Other,SUBNATIONAL,Done,73121,32776,44.82,,,,,,,9/3/26 18:17
LKA,Sri Lanka,SEARO,2025,CatchUp-SIA,M_MR,6/21/25,10/30/25,Risk groups - HW aged 18-40 Y,NATIONAL,Done,28233,19344,68.5,,,,,,,9/3/26 18:17
LKA,Sri Lanka,SEARO,2025,CatchUp-SIA,M_MR,7/12/25,10/30/25,"Risk groups - tri-forces personnel, police, ports of entry staff, prison populations 20-30 Y",NATIONAL,Done,45233,25875,57.2,,,,,,,9/3/26 18:17
LKA,Sri Lanka,SEARO,2025,CatchUp-SIA,M_MR,7/12/25,10/30/25,Risk groups - prison inmates,NATIONAL,Done,5480,3793,69.2,,,,,,,9/3/26 18:17
LKA,Sri Lanka,SEARO,2025,CatchUp-SIA,M_MR,7/12/25,10/30/25,Risk groups,SUBNATIONAL,Done,,10558,,,,,,,,9/3/26 18:17
LSO,Lesotho,AFRO,2000,CatchUp,MEASLES,10/1/00,,5-14 Y,NATIONAL,Done,624994,469005,75,,NO,,NO,NO,,9/3/26 18:17
LSO,Lesotho,AFRO,2003,FollowUp,MEASLES,4/22/03,5/16/03,9-59 M,NATIONAL,Done,204786,178522,87,,NO,,NO,NO,,9/3/26 18:17
LSO,Lesotho,AFRO,2007,FollowUp,MEASLES,10/8/07,10/19/07,9-59 M,NATIONAL,Done,212800,196416,92,,NO,,NO,NO,,9/3/26 18:17
LSO,Lesotho,AFRO,2010,CatchUp,MEASLES,9/20/10,10/1/10,6 M-15 Y,NATIONAL,Done,615109,558335,91,,YES,91,YES,YES,,9/3/26 18:17
LSO,Lesotho,AFRO,2013,FollowUp,MEASLES,10/14/13,10/25/13,9-59 M,NATIONAL,Done,204289,147676,72,,YES,85,YES,NO,,9/3/26 18:17
LSO,Lesotho,AFRO,2017,CatchUp,MR,2/13/17,2/24/17,9 M-14 Y,NATIONAL,Done,603457,540017,89,bOPV; VitA; deworming (Albendazole),YES,92,YES,YES,,9/3/26 18:17
LSO,Lesotho,AFRO,2022,FollowUp,M_MR,10/24/22,11/4/22,9-59 M,NATIONAL,Done,189643,85582,45,bOPv; VitA; deworming; Td,NO,,NO,YES,,9/3/26 18:17
LSO,Lesotho,AFRO,2025,CatchUp-SIA,MR,10/20/25,10/31/25,9-59 M,NATIONAL,Done,172935,117495,68,VitA; deworming;polio,YES,83.7,NO,NO,,9/3/26 18:17
MAC,"China, Macao SAR",WPRO,2011,VACWEEK,MMR,4/25/11,4/29/11,unknown,NATIONAL,Done,,100,,,NO,,NO,NO,,9/3/26 18:17
MAC,"China, Macao SAR",WPRO,2019,Campaign,MMR,3/20/19,,18 Y,NATIONAL,Done,50000,9731,19,,NO,,NO,NO,health care workers,9/3/26 18:17
MAC,"China, Macao SAR",WPRO,2019,Campaign,MR,9/1/19,10/30/19,"Staff work in airports, ports and piers",NATIONAL,Done,940,556,59,,NO,,NO,NO,,9/3/26 18:17
MAC,"China, Macao SAR",WPRO,2024,CatchUp-SIA,M_MMR,6/28/24,10/31/24,Risk groups,NATIONAL,Done,110,71,64.55,,,,,,,9/3/26 18:17
MAC,"China, Macao SAR",WPRO,2025,Vaccination week,M_MMR,4/16/25,,Risk groups,NATIONAL,Done,620,,,,,,,,,9/3/26 18:17
MAC,"China, Macao SAR",WPRO,2026,Catch-up SIA,M_MMR,2026-04,,Risk groups,NATIONAL,Planned,11884,,,,,,,,,9/3/26 18:17
MAR,Morocco,EMRO,2008,CatchUp,MR,4/1/08,6/13/08,9 M-14 Y,NATIONAL,Done,4712500,4665375,99,,NO,,NO,NO,NA,9/3/26 18:17
MAR,Morocco,EMRO,2008,CatchUp,RCV,4/1/08,5/1/08,15-24 Y,UNKNOWN,Done,2774822,2234596,81,,NO,,NO,NO,,9/3/26 18:17
MAR,Morocco,EMRO,2013,CatchUp,MR,4/24/13,5/12/13,9 M-19 Y,NATIONAL,Done,11179000,10191570,91,,NO,,NO,NO,,9/3/26 18:17
MAR,Morocco,EMRO,2019,CatchUp,MR,10/1/19,11/30/19,1st year primary school,NATIONAL,Done,453034,32715,7,,NO,,NO,NO,,9/3/26 18:17
MDA,Republic of Moldova,EURO,2002,CatchUp,MR,2002,,20-23 Y,NATIONAL,Done,78400,,,,NO,,NO,NO,NA,9/3/26 18:17
MDA,Republic of Moldova,EURO,2002,CatchUp,MR,11/1/02,,8-19 Y,NATIONAL,Done,922085,855970,92.8,,NO,,NO,NO,NA,9/3/26 18:17
MDA,Republic of Moldova,EURO,2002,CatchUp,RCV,11/1/02,,20-29 Y,NATIONAL,Done,185221,162950,88,,NO,,NO,NO,Women NA,9/3/26 18:17
MDG,Madagascar,AFRO,2004,CatchUp,MEASLES,9/13/04,10/8/04,9 M-14 Y,NATIONAL,Done,7626090,7546229,99,,NO,,NO,NO,,9/3/26 18:17
MDG,Madagascar,AFRO,2007,FollowUp,MEASLES,10/22/07,10/30/07,9-59 M,NATIONAL,Done,3123163,3053702,100,,YES,67,YES,NO,,9/3/26 18:17
MDG,Madagascar,AFRO,2010,FollowUp,MEASLES,10/25/10,10/29/10,9-47 M,NATIONAL,Done,2603510,2415792,93,,NO,,NO,YES,,9/3/26 18:17
MDG,Madagascar,AFRO,2013,FollowUp,MEASLES,10/14/13,10/24/13,9-59 M,NATIONAL,Done,3610265,3316542,92,,YES,84,YES,YES,,9/3/26 18:17
MDG,Madagascar,AFRO,2016,FollowUp,MEASLES,10/17/16,10/21/16,9-59 M,NATIONAL,Done,3715133,3547466,95.5,VitA; deworming,YES,82,YES,YES,"75% of districts attained 95% admin coverage
Vit A= 97.1% coverage
Deworming = 97.6% coverage",9/3/26 18:17
MDG,Madagascar,AFRO,2018,OR,MEASLES,11/1/18,,9 M-5 Y,SUBNATIONAL,Done,383654,319677,83,,NO,,NO,NO,,9/3/26 18:17
MDG,Madagascar,AFRO,2019,OR,MEASLES,1/14/19,1/18/19,9 M-9 Y,SUBNATIONAL,Done,2083734,2110610,101,,YES,73.2,YES,YES,"Phase 1: 25 districts - Phase 2: 22 districts, Feb 2019 - Phase 3: 67 remaining districts, March-April, 2019",9/3/26 18:17
MDG,Madagascar,AFRO,2019,OR,MEASLES,2/18/19,2/22/19,6 M-9 Y,SUBNATIONAL,Done,1160767,1202784,104,,YES,72.1,YES,NO,22 districts,9/3/26 18:17
MDG,Madagascar,AFRO,2019,OR,MEASLES,3/25/19,4/5/19,6 M-9 Y,SUBNATIONAL,Done,3940501,3944232,100,,YES,77.2,YES,NO,67 districts,9/3/26 18:17
MDG,Madagascar,AFRO,2022,FollowUp,MEASLES,5/16/22,5/22/22,9-59 M,NATIONAL,Done,4355433,4142296,95.11,VitA,YES,65.3,YES,YES,,9/3/26 18:17
MDG,Madagascar,AFRO,2024,FollowUp,MEASLES,10/15/24,10/19/24,9-59 M,NATIONAL,Done,4751208,4597573,96.8,bOPV,YES,75.3,YES,,,9/3/26 18:17
MDG,Madagascar,AFRO,2025,OR,MEASLES,12/8/25,12/12/25,6-24 M,SUBNATIONAL,Done,1706915,1169967,69,,,,,,,9/3/26 18:17
MDG,Madagascar,AFRO,2026,FollowUp,MEASLES,2026-10,,9-59 M,NATIONAL,Planned,4765314,,,,,,,,,9/3/26 18:17
MDV,Maldives,SEARO,2005,NID,MR,12/4/05,1/4/06,6-35 Y,NATIONAL,Done,144997,123642,85,,NO,,NO,NO,NA,9/3/26 18:17
MDV,Maldives,SEARO,2006,NID,MR,5/1/06,6/30/06,6-35 Y,NATIONAL,Done,144997,123642,85,,NO,,NO,NO,NA Men and Women targeted,9/3/26 18:17
MDV,Maldives,SEARO,2007,NID,MMR,4/1/07,,4-6 Y,NATIONAL,Done,29529,16462,56,SYSTEM,NO,,NO,NO,Na,9/3/26 18:17
MDV,Maldives,SEARO,2017,Campaign,MR,2/26/17,3/11/17,8-14 Y,NATIONAL,Done,2129,1645,77,,NO,,NO,NO,,9/3/26 18:17
MDV,Maldives,SEARO,2017,Campaign,MR,2/26/17,3/11/17,15-25 Y,NATIONAL,Done,61872,46835,76,,NO,,NO,NO,,9/3/26 18:17
MDV,Maldives,SEARO,2020,Campaign,MR,3/6/20,3/9/20,18 M-40 Y,NATIONAL,Done,170000,612,,,NO,,NO,NO,,9/3/26 18:17
MDV,Maldives,SEARO,2020,Campaign,MR,12/1/20,12/31/20,18 M-40 Y,NATIONAL,Done,170000,4808,,,,,,,,9/3/26 18:17
MDV,Maldives,SEARO,2023,Campaign,M_MR,4/1/23,,Other,NATIONAL,Done,500000,644,0.1288,,,,,,,9/3/26 18:17
MEX,Mexico,AMRO,2003,CatchUp,MR,10/14/03,10/18/03,12-20 Y,SUBNATIONAL,Done,657234,600636,109,,NO,,NO,NO,NA,9/3/26 18:17
MEX,Mexico,AMRO,2003,FollowUp,MMR,10/14/03,,1-4 Y,NATIONAL,Done,4018823,3938447,98,,NO,,NO,NO,NA,9/3/26 18:17
MEX,Mexico,AMRO,2004,MopUp,MMR,10/11/04,10/15/04,6-7 Y,NATIONAL,Done,2379521,2196181,92,,NO,,NO,NO,NA,9/3/26 18:17
MEX,Mexico,AMRO,2005,MopUp,MMR,10/10/05,10/14/05,6-7 Y,NATIONAL,Done,2336198,2263867,97,,NO,,NO,NO,to be done in 2005 and 2006,9/3/26 18:17
MEX,Mexico,AMRO,2006,FollowUp,MR,4/1/06,,13-39 Y,SUBNATIONAL,Done,5191667,4831250,93,,NO,,NO,NO,"DF, Est. Mexico",9/3/26 18:17
MEX,Mexico,AMRO,2006,FollowUp,MR,4/22/06,4/29/06,1-4 Y,NATIONAL,Done,21327920,10237400,48,,NO,,NO,NO,NA,9/3/26 18:17
MEX,Mexico,AMRO,2006,MopUp,MMR,10/9/06,10/13/06,6-7 Y,NATIONAL,Done,2060702,1836626,89,,NO,,NO,NO,NA,9/3/26 18:17
MEX,Mexico,AMRO,2008,MopUp,MMR,10/6/08,10/10/08,6-7 Y,NATIONAL,Done,2253719,2124299,94,,NO,,NO,NO,2nd Phase,9/3/26 18:17
MEX,Mexico,AMRO,2008,SpeedUp,MR,3/30/08,8/22/08,19-29 Y,NATIONAL,Done,20711970,22226110,107,,NO,,NO,NO,,9/3/26 18:17
MEX,Mexico,AMRO,2010,FollowUp,MMR,10/1/10,10/31/10,6-7 Y,NATIONAL,Done,1660906,1503351,90,,NO,,NO,NO,,9/3/26 18:17
MEX,Mexico,AMRO,2011,CatchUp,MMR,10/1/11,,6-7 Y,NATIONAL,Done,1916008,1850740,96,,NO,,NO,NO,,9/3/26 18:17
MEX,Mexico,AMRO,2012,Campaign,MMR,10/1/12,10/5/12,6-7 Y,NATIONAL,Done,1564792,1436479,92,,NO,,NO,NO,3a Semana Nacional de Salud,9/3/26 18:17
MEX,Mexico,AMRO,2013,Campaign,MMR,10/1/13,,6-7 Y,NATIONAL,Done,1787166,1670135,93,,NO,,NO,NO,3a Semana Nacional de Salud,9/3/26 18:17
MEX,Mexico,AMRO,2015,Campaign,MMR,2015,,6-7 Y,NATIONAL,Done,1467434,1301306,89,,NO,,NO,NO,to confirm dates - 3a Semana Nacional de Salud,9/3/26 18:17
MEX,Mexico,AMRO,2016,FollowUp,MR,10/10/16,12/15/16,1-4 Y,NATIONAL,Done,8811983,8229851,93,,NO,,NO,NO,TR draft only,9/3/26 18:17
MEX,Mexico,AMRO,2018,Campaign,MMR,10/15/18,10/19/18,6 Y,NATIONAL,Done,1062929,1402831,132,VitA; polio,NO,,NO,NO,Semana Nacional de Salud 3°,9/3/26 18:17
MEX,Mexico,AMRO,2021,FollowUp,MMR,4/19/21,9/3/21,1-9 Y,NATIONAL,Done,5064306,3058201,60,,NO,,NO,NO,Actividad complementaria de Campaña de Seguimiento de Vacunación SR,9/3/26 18:17
MEX,Mexico,AMRO,2021,FollowUp,MR,4/19/21,9/3/21,1-4 Y,NATIONAL,Done,8604781,8026184,93,,NO,,NO,NO,,9/3/26 18:17
MEX,Mexico,AMRO,2025,OR,MR,5/1/25,,6-11 M,NATIONAL,Done,1200000,88403,7.4,,,,,,,9/3/26 18:17
MHL,Marshall Islands,WPRO,2001,CatchUp,MEASLES,9/1/01,,1-14 Y,NATIONAL,Done,,,,,NO,,NO,NO,,9/3/26 18:17
MHL,Marshall Islands,WPRO,2002,FollowUp,MMR,2002,,12-48 M,NATIONAL,Done,5714,4383,77,,NO,,NO,NO,NA,9/3/26 18:17
MHL,Marshall Islands,WPRO,2003,CatchUp,MMR,7/1/03,8/1/03,6 M-40 Y,NATIONAL,Done,44712,,,,NO,,NO,NO,NA,9/3/26 18:17
MHL,Marshall Islands,WPRO,2004,MopUp,MMR,2004,,13 M-18 Y,NATIONAL,Done,,,,,NO,,NO,NO,NA,9/3/26 18:17
MHL,Marshall Islands,WPRO,2019,Campaign,MR,9/1/19,,6-71 M,NATIONAL,Done,88916,88138,99,,NO,,NO,NO,,9/3/26 18:17
MKD,North Macedonia,EURO,2009,CatchUp,MMR,1/1/09,6/1/09,13 M-26 Y,NATIONAL,Done,,60000,,,NO,,NO,NO,,9/3/26 18:17
MLI,Mali,AFRO,2001,CatchUp,MEASLES,12/19/01,1/31/02,9 M-14 Y,NATIONAL,Done,5074610,4998491,99,,NO,,NO,NO,,9/3/26 18:17
MLI,Mali,AFRO,2004,FollowUp,MEASLES,12/13/04,12/19/04,9-59 M,NATIONAL,Done,2062662,2426497,118,,NO,,NO,NO,,9/3/26 18:17
MLI,Mali,AFRO,2007,FollowUp,MEASLES,12/13/07,12/19/07,9-59 M,NATIONAL,Done,2547819,2562537,101,,NO,,NO,NO,,9/3/26 18:17
MLI,Mali,AFRO,2011,FollowUp,MEASLES,2/28/11,3/6/11,9-59 M,NATIONAL,Done,4909748,4544425,92,,NO,,NO,YES,,9/3/26 18:17
MLI,Mali,AFRO,2012,Campaign,MEASLES,7/15/12,8/5/12,6-59 M,SUBNATIONAL,Done,125298,127863,102,,NO,,NO,NO,,9/3/26 18:17
MLI,Mali,AFRO,2012,Campaign,MEASLES,9/1/12,,6-59 M,SUBNATIONAL,Done,108547,103289,95,,NO,,NO,NO,,9/3/26 18:17
MLI,Mali,AFRO,2015,FollowUp,MEASLES,3/17/15,3/26/15,9 M-14 Y,NATIONAL,Done,8293432,9312619,112,,YES,94,YES,YES,,9/3/26 18:17
MLI,Mali,AFRO,2019,FollowUp,MEASLES,5/7/19,5/13/19,9-59 M,NATIONAL,Done,3659844,3987266,108.9,,YES,84,YES,YES,,9/3/26 18:17
MLI,Mali,AFRO,2024,CatchUp,MR,3/18/24,4/3/24,9 M-14 Y,NATIONAL,Done,9514126,10413015,109.6,,YES,89.8,YES,YES,,9/3/26 18:17
MLI,Mali,AFRO,2027,FollowUp,MR,2027,,9 M-14 Y,NATIONAL,Planned,4004172,,,,,,,,,9/3/26 18:17
MMR,Myanmar,SEARO,2002,FollowUp,MEASLES,9/23/02,,9-59 M,Rollover-National,Done,1792980,1577169,88,,NO,,NO,NO,"36 townships in Yangoon, Ayeyawady and Rakhine",9/3/26 18:17
MMR,Myanmar,SEARO,2003,FollowUp,MEASLES,10/19/03,10/26/03,9 M-5 Y,Rollover-National,Done,2502969,2248422,90,,NO,,NO,NO,5 of 17 states/divisions,9/3/26 18:17
MMR,Myanmar,SEARO,2004,FollowUp,MEASLES,11/1/04,,9 M-5 Y,Rollover-National,Done,1679487,1085359,65,,NO,,NO,NO,3rd phase,9/3/26 18:17
MMR,Myanmar,SEARO,2012,FollowUp,MEASLES,3/22/12,3/31/12,9-59 M,NATIONAL,Done,6432064,6267535,97,,NO,,NO,YES,,9/3/26 18:17
MMR,Myanmar,SEARO,2015,CatchUp,MR,1/19/15,1/27/15,5-14 Y,NATIONAL,Done,8181396,7740697,95,,NO,,NO,YES,Phase 1,9/3/26 18:17
MMR,Myanmar,SEARO,2015,CatchUp,MR,2/19/15,2/28/15,9-59 M,NATIONAL,Done,5777567,5420067,94,,NO,,NO,YES,Phase 2,9/3/26 18:17
MMR,Myanmar,SEARO,2019,Campaign,MR,2/17/19,,9 M-15 Y,SUBNATIONAL,Done,604230,554984,92,,NO,,NO,NO,,9/3/26 18:17
MMR,Myanmar,SEARO,2019,Campaign,MR,11/26/19,,9 M-5 Y 6 M,SUBNATIONAL,Done,3166591,3102089,98,,NO,,NO,NO,phase 2,9/3/26 18:17
MMR,Myanmar,SEARO,2019,FollowUp,MR,10/25/19,,9-5 Y 6 M,SUBNATIONAL,Done,1067411,971817,91,,NO,,NO,NO,phase 1,9/3/26 18:17
MMR,Myanmar,SEARO,2023,HighRiskAreas,M_MR,2023,,6 M-15 Y,SUBNATIONAL,Done,34482,30408,88.19,,,,,,,9/3/26 18:17
MMR,Myanmar,SEARO,2023,HighRiskAreas,M_MR,2023,,9-59 M,SUBNATIONAL,Done,778527,110652,14.21,,,,,,,9/3/26 18:17
MMR,Myanmar,SEARO,2024,HighRiskAreas,M_MR,2024,,9 M-15 Y,SUBNATIONAL,Done,,6184,,DTP; JE,,,,,,9/3/26 18:17
MMR,Myanmar,SEARO,2024,OR,M_MR,3/10/24,3/29/24,5-14 Y,SUBNATIONAL,Done,308132,351463,114.06,Polio,NO,,NO,NO,Municipality/district,9/3/26 18:17
MMR,Myanmar,SEARO,2025,CatchUp-SIA,M_MR,1/1/25,3/1/25,9-59 M,SUBNATIONAL,Done,220544,147956,67.09,Polio; JE,,,,,,9/3/26 18:17
MMR,Myanmar,SEARO,2026,FollowUp,MR,2026-08,,9-59 M,NATIONAL,Planned,2826984,,,,,,,,,9/3/26 18:17
MNE,Montenegro,EURO,2023,CatchUp-SIA,M_MMR,1/13/23,6/30/23,24-59 M,NATIONAL,Done,15000,6665,44.43,,,,,,,9/3/26 18:17
MNE,Montenegro,EURO,2024,CatchUp-SIA,M_MMR,1/14/24,12/31/24,12-59 M,NATIONAL,Done,14000,5812,41.5,,,,,,,9/3/26 18:17
MNE,Montenegro,EURO,2025,CatchUp-SIA,MMR,1/14/25,12/31/25,0-59 M,NATIONAL,Done,14000,5812,41.5,,,,,,,9/3/26 18:17
MNE,Montenegro,EURO,2026,CatchUp-SIA,MMR,2026-04,,1-15 Y,NATIONAL,Planned,24000,,,,,,,,,9/3/26 18:17
MNG,Mongolia,WPRO,2000,CatchUp,MEASLES,10/9/00,,9 M-7 Y,NATIONAL,Done,300000,291000,97,,NO,,NO,NO,,9/3/26 18:17
MNG,Mongolia,WPRO,2001,MopUp,MEASLES,10/18/01,,6 M-30 Y,SUBNATIONAL,Done,,259590,95,,NO,,NO,NO,"Ulaanbaatar city, all aimags",9/3/26 18:17
MNG,Mongolia,WPRO,2007,CatchUp,MEASLES,10/1/07,10/30/07,2-10 Y,NATIONAL,Done,413673,401575,97,,NO,,NO,NO,,9/3/26 18:17
MNG,Mongolia,WPRO,2009,Campaign,RCV,1/1/09,1/10/09,10-16 Y,SUBNATIONAL,Done,16495,14875,90,,NO,,NO,NO,unknown,9/3/26 18:17
MNG,Mongolia,WPRO,2012,FollowUp,MR,10/8/12,10/18/12,3-14 Y,NATIONAL,Done,560592,522429,93,,NO,,NO,YES,,9/3/26 18:17
MNG,Mongolia,WPRO,2015,OR,MEASLES,5/15/15,6/25/15,6 M-5 Y,NATIONAL,Done,368102,347685,94,,NO,,NO,YES,,9/3/26 18:17
MNG,Mongolia,WPRO,2016,CatchUp,MR,5/12/16,5/30/16,18-30 Y,NATIONAL,Done,624000,549846,88,,NO,,NO,NO,,9/3/26 18:17
MNG,Mongolia,WPRO,2019,CatchUp,MR,5/15/19,5/24/24,5-9 Y,SUBNATIONAL,Done,53512,50873,95,,,,,,,9/3/26 18:17
MNG,Mongolia,WPRO,2019,CatchUp,MR,5/15/19,5/24/19,10-18 Y,NATIONAL,Done,418471,400961,96,,NO,,NO,NO,,9/3/26 18:17
MNG,Mongolia,WPRO,2023,Campaign,M_MR,5/29/23,11/10/23,Other,NATIONAL,Done,639183,309310,48.39,,,,,,,9/3/26 18:17
MNG,Mongolia,WPRO,2025,High Risk Areas,M_MR,5/30/25,,6-11 M,NATIONAL,Done,12775,9418,73.7,,,,,,,9/3/26 18:17
MNG,Mongolia,WPRO,2025,OR,MR,2/18/25,2025,Risk groups,NATIONAL,Done,122026,75203,61.6,,,,,,,9/3/26 18:17
MNG,Mongolia,WPRO,2026,Campaign,M_MR,2026-02,,10-15 Y,NATIONAL,Planned,417375,,,,,,,,,9/3/26 18:17
MNP,Northern Mariana Islands,WPRO,2001,FollowUp,MEASLES,9/1/01,,12-59 M,NATIONAL,Done,,,,,NO,,NO,NO,,9/3/26 18:17
MNP,Northern Mariana Islands,WPRO,2002,FollowUp,MMR,8/9/02,8/10/02,1-3 Y,NATIONAL,Done,300,53,18,,NO,,NO,NO,NA,9/3/26 18:17
MNP,Northern Mariana Islands,WPRO,2002,MopUp,MMR,4/27/02,5/31/02,4-6 Y,NATIONAL,Done,954,385,40,,NO,,NO,NO,Guam outbreak,9/3/26 18:17
MOZ,Mozambique,AFRO,2003,MopUp,MEASLES,7/1/03,,0 M-14 Y,SUBNATIONAL,Done,52386,24834,47.4,,NO,,NO,NO,Ancuabe district,9/3/26 18:17
MOZ,Mozambique,AFRO,2003,MopUp,MEASLES,7/1/03,,0 M-14 Y,SUBNATIONAL,Done,49335,27795,56.3,,NO,,NO,NO,Mueda district,9/3/26 18:17
MOZ,Mozambique,AFRO,2005,CatchUp,MEASLES,8/1/05,9/10/05,9 M-14 Y,NATIONAL,Done,8476450,8189378,97,OPV; vitA,YES,94,YES,YES,done from August to September,9/3/26 18:17
MOZ,Mozambique,AFRO,2008,FollowUp,MEASLES,10/6/08,10/10/08,9-59 M,NATIONAL,Done,3253760,3340829,102,,NO,,NO,NO,,9/3/26 18:17
MOZ,Mozambique,AFRO,2011,FollowUp,MEASLES,5/23/11,5/27/11,6-59 M,NATIONAL,Done,3779278,3985564,105,,YES,81,YES,NO,,9/3/26 18:17
MOZ,Mozambique,AFRO,2013,FollowUp,MEASLES,12/2/13,12/6/13,6-59 M,NATIONAL,Done,3996042,4074389,102,,YES,81,YES,NO,CHD,9/3/26 18:17
MOZ,Mozambique,AFRO,2018,CatchUp,MR,4/9/18,5/25/18,6 M-14 Y,NATIONAL,Done,12987840,13224220,102,VitA; deworming,YES,76,YES,YES,"SIAs in the Northern Provinces + Zambézia - (1st phase): 9–13 April 2018
SIAs in the Central and South Provinces - (2nd phase): 21–25 May 2018",9/3/26 18:17
MOZ,Mozambique,AFRO,2020,Campaign,MR,6/29/20,7/4/20,9 M-14 Y,SUBNATIONAL,Done,82045,94659,115,,NO,,NO,NO,selective district campaign,9/3/26 18:17
MOZ,Mozambique,AFRO,2023,FollowUp,MR,7/31/23,8/5/23,9-59 M,SUBNATIONAL,Done,4811848,5047614,104.89,VitA; deworming,NO,,NO,YES,,9/3/26 18:17
MOZ,Mozambique,AFRO,2024,FollowUp,MR,12/9/24,12/14/24,9-59 M,SUBNATIONAL,Done,2611693,2342954,89.71,VitA; deworming,NO,,,,,9/3/26 18:17
MOZ,Mozambique,AFRO,2024,OR,MR,9/16/24,9/23/24,9 M-14 Y,SUBNATIONAL,Done,1739963,1692394,97.27,VitA; deworming,NO,,,,Cabo Delgado,9/3/26 18:17
MOZ,Mozambique,AFRO,2025,FollowUp,MR,4/8/25,4/13/25,9-59 M,SUBNATIONAL,Done,1189487,1110511,93,,NO,,NO,NO,"Gaza, Maputo province, Maputo city",9/3/26 18:17
MOZ,Mozambique,AFRO,2027,FollowUp,MR,2027,,9-59 M,NATIONAL,Planned,9000000,,,,,,,,,9/3/26 18:17
MRT,Mauritania,AFRO,2000,MopUp,MEASLES,3/27/00,,9-23 M,NATIONAL,Done,132258,129308,98,,NO,,NO,NO,,9/3/26 18:17
MRT,Mauritania,AFRO,2003,CatchUp,MEASLES,8/11/03,3/31/04,9 M-14 Y,NATIONAL,Done,1143532,1167307,102,,NO,,NO,NO,,9/3/26 18:17
MRT,Mauritania,AFRO,2008,FollowUp,MEASLES,1/28/08,2/2/08,9-59 M,SUBNATIONAL,Done,477862,464564,98,,NO,,NO,NO,,9/3/26 18:17
MRT,Mauritania,AFRO,2011,CatchUp,MEASLES,5/15/11,5/18/11,5-29 Y,SUBNATIONAL,Done,429934,424550,99,,NO,,NO,NO,,9/3/26 18:17
MRT,Mauritania,AFRO,2011,FollowUp,MEASLES,2/20/11,2/24/11,9-59 M,NATIONAL,Done,521575,500000,96,,YES,96.4,YES,YES,,9/3/26 18:17
MRT,Mauritania,AFRO,2012,Campaign,MEASLES,5/19/12,5/22/12,6 M-15 Y,SUBNATIONAL,Done,28058,29902,107,,NO,,NO,NO,,9/3/26 18:17
MRT,Mauritania,AFRO,2014,FollowUp,MEASLES,11/19/14,11/28/14,9 M-14 Y,NATIONAL,Done,1417788,1489563,105,,YES,93,YES,YES,,9/3/26 18:17
MRT,Mauritania,AFRO,2018,CatchUp,MR,2/20/18,3/1/18,9 M-14 Y,NATIONAL,Done,1657321,1715726,104,,YES,94.1,YES,NO,,9/3/26 18:17
MRT,Mauritania,AFRO,2022,OR,MR,1/15/22,1/15/22,6 M-15 Y,SUBNATIONAL,Done,89677,83631,93.26,,,,,,,9/3/26 18:17
MRT,Mauritania,AFRO,2022,OR,MR,9/23/22,10/2/22,6 M-15 Y,SUBNATIONAL,Done,512877,557135,108.63,,,,,,,9/3/26 18:17
MRT,Mauritania,AFRO,2024,FollowUp,MR,12/2/24,12/11/24,9-59 M,NATIONAL,Done,821630,816759,99.4,,YES,75.2,YES,NO,,9/3/26 18:17
MRT,Mauritania,AFRO,2027,FollowUp,MR_MMR,2027-12,,9-59 M,NATIONAL,Planned,892475,,,,,,,,,9/3/26 18:17
MUS,Mauritius,AFRO,2003,CatchUp,MMR,2003,,5-12 Y,SUBNATIONAL,Done,97820,97466,99.6,,NO,,NO,NO,unknown,9/3/26 18:17
MWI,Malawi,AFRO,2002,FollowUp,MEASLES,8/13/02,8/15/02,9-59 M,SUBNATIONAL,Done,1583664,1906985,120,,NO,,NO,NO,"Southern, Central and Northern regions",9/3/26 18:17
MWI,Malawi,AFRO,2005,FollowUp,MEASLES,9/21/05,9/23/05,9-59 M,NATIONAL,Done,1851176,2137152,115,,NO,,NO,NO,,9/3/26 18:17
MWI,Malawi,AFRO,2008,FollowUp,MEASLES,10/28/08,10/30/08,9-59 M,NATIONAL,Done,2120557,2087375,98,,NO,,NO,NO,,9/3/26 18:17
MWI,Malawi,AFRO,2010,CatchUp,MEASLES,8/16/10,8/20/10,9 M-15 Y,NATIONAL,Done,6370409,6785428,107,,NO,,NO,NO,in all 28 districts,9/3/26 18:17
MWI,Malawi,AFRO,2013,FollowUp,MEASLES,11/2/13,11/6/13,6-59 M,NATIONAL,Done,2297546,2405018,105,VitA; deworming,YES,,NO,YES,,9/3/26 18:17
MWI,Malawi,AFRO,2015,NID,MEASLES,5/13/15,5/15/15,9-59 M,SUBNATIONAL,Done,436257,453202,104,,NO,,NO,YES,,9/3/26 18:17
MWI,Malawi,AFRO,2017,CatchUp,MR,6/12/17,6/16/17,9 M-14 Y,NATIONAL,Done,7991666,8132788,102,VitA; deworming,YES,92,YES,YES,,9/3/26 18:17
MWI,Malawi,AFRO,2023,FollowUp,MR,5/15/23,2023-05,9-59 M,NATIONAL,Done,3180449,2644144,83.1,bOPV; VitA; TCV,YES,75.7,YES,NO,,9/3/26 18:17
MWI,Malawi,AFRO,2025,Emergency campaign,M_MR,6/2/25,6/6/25,9 M-9 Y,SUBNATIONAL,Done,2312531,2238949,97,N. Tetanus; Acute flaccid paralussi; Mpox,NO,,,,"Lilongwe, Ntcheu, Mangochi, Nkhotakota, Blantyre and Salima",9/3/26 18:17
MWI,Malawi,AFRO,2026,FollowUp,MR,9/21/26,9/25/26,9 M-9 Y,NATIONAL,Planned,5850406,,,polio?,NO,,NO,NO,,9/3/26 18:17
MYS,Malaysia,WPRO,2005,FollowUp,MEASLES,4/1/05,10/1/05,7-15 Y,NATIONAL,Done,4500000,4320000,96,,NO,,NO,NO,single measles round,9/3/26 18:17
MYS,Malaysia,WPRO,2005,MopUp,MEASLES,5/1/05,6/30/05,17 Y,NATIONAL,Done,388823,369415,95,,NO,,NO,NO,single measles round,9/3/26 18:17
MYS,Malaysia,WPRO,2012,MopUp,MMR,6/1/12,7/1/12,1-15 Y,SUBNATIONAL,Done,583,583,100,,NO,,NO,NO,1-15 Y who missed vacc -Mop up in Selangor (2 districts),9/3/26 18:17
MYS,Malaysia,WPRO,2012,MopUp,MMR,7/1/12,,1-6 Y,SUBNATIONAL,Done,1935,1264,65,,NO,,NO,NO,1-6 Y who missed vacc - Mop up in KL,9/3/26 18:17
MYS,Malaysia,WPRO,2012,MopUp,MMR,7/1/12,12/1/12,1-6 Y,SUBNATIONAL,Done,809,323,40,,NO,,NO,NO,1-6 Y who missed vacc - Mop up in Kelantan State,9/3/26 18:17
MYS,Malaysia,WPRO,2013,Campaign,MEASLES,7/1/13,10/30/13,6-11 M,SUBNATIONAL,Done,135,288,213,,NO,,NO,NO,,9/3/26 18:17
MYS,Malaysia,WPRO,2013,MopUp,MMR,1/1/13,11/30/13,1-6 Y,SUBNATIONAL,Done,,56,,,NO,,NO,NO,,9/3/26 18:17
MYS,Malaysia,WPRO,2013,MopUp,MMR,7/1/13,10/30/13,1-6 Y,SUBNATIONAL,Done,259,209,81,,NO,,NO,NO,,9/3/26 18:17
MYS,Malaysia,WPRO,2014,Campaign,MEASLES,1/1/14,11/30/14,6 M-17 Y,SUBNATIONAL,Done,86954,54656,63,,NO,,NO,NO,,9/3/26 18:17
MYS,Malaysia,WPRO,2014,MopUp,MMR,1/1/14,12/31/14,6 M-15 Y,SUBNATIONAL,Done,79,73,92,,NO,,NO,NO,Mop-up activities in high risk localities in Selangor,9/3/26 18:17
MYS,Malaysia,WPRO,2015,MopUp,MMR,1/1/15,9/30/15,<17 Y,SUBNATIONAL,Done,23917,21518,90,,NO,,NO,NO,Sabah: Mass measles Immunization,9/3/26 18:17
MYS,Malaysia,WPRO,2015,MopUp,MMR,6/12/15,6/13/15,<15 Y,SUBNATIONAL,Done,352,295,84,,NO,,NO,NO,"M/MMR
Selangor-Puchong: SIA in outbreak area (high risk population - refugee)",9/3/26 18:17
MYS,Malaysia,WPRO,2016,Campaign,MR,1/1/16,9/1/16,6 M-17 Y,SUBNATIONAL,Done,164067,139382,85,,NO,,NO,NO,Sabah: Mass measles Immunization,9/3/26 18:17
MYS,Malaysia,WPRO,2016,CatchUp,MR,4/1/16,,1-17 Y,SUBNATIONAL,Done,580,572,99,,NO,,NO,NO,"Kg. Lubok China, Alor Gajah, Melaka",9/3/26 18:17
MYS,Malaysia,WPRO,2017,Campaign,M_MMR,1/1/17,12/31/17,0-17 Y,SUBNATIONAL,Done,105018,105018,100,,NO,,NO,NO,Sabah: Mass measles Immunization,9/3/26 18:17
MYS,Malaysia,WPRO,2017,Campaign,M_MR,1/1/17,12/31/17,2-15 Y,SUBNATIONAL,Done,21012,19736,94,,NO,,NO,NO,Sabah: Mass Double Antigen MR,9/3/26 18:17
MYS,Malaysia,WPRO,2018,Campaign,MEASLES,1/1/18,12/31/18,6 M-15 Y,SUBNATIONAL,Done,5090,3135,62,,NO,,NO,NO,Selangor,9/3/26 18:17
MYS,Malaysia,WPRO,2018,Campaign,MEASLES,7/2/18,8/15/18,6 M-15 Y,SUBNATIONAL,Done,43850,41717,95,,NO,,NO,NO,"Bintulu district, Sarawak",9/3/26 18:17
MYS,Malaysia,WPRO,2018,Campaign,MEASLES,9/18/18,12/31/18,6 M-<7 Y,SUBNATIONAL,Done,45318,12284,27,,NO,,NO,NO,Kuala Lumpur,9/3/26 18:17
MYS,Malaysia,WPRO,2019,Campaign,MMR,7/1/19,8/31/19,All ages,SUBNATIONAL,Done,744,798,107,,NO,,NO,NO,"Aborigines in Kuala Koh village, Kelantan  - all ages",9/3/26 18:17
MYS,Malaysia,WPRO,2019,Campaign,MMR,7/1/19,,All ages,SUBNATIONAL,Done,461,444,96,,NO,,NO,NO,"Aborigines in Jerantut district, Pahang  - all ages",9/3/26 18:17
MYS,Malaysia,WPRO,2019,Campaign,MMR,7/1/19,,"Aborigines in Sg. Berua Village, Hulu Terengganu district, Terengganu",SUBNATIONAL,Done,550,476,86.5,,NO,,NO,NO,,9/3/26 18:17
MYS,Malaysia,WPRO,2019,Campaign,MMR,7/1/19,,All ages,SUBNATIONAL,Done,550,476,87,,NO,,NO,NO,"Aborigines in Sg. Berua Village, Hulu Terengganu district, Terengganu",9/3/26 18:17
MYS,Malaysia,WPRO,2019,VACWEEK,MEASLES,2019,,<7 Y,SUBNATIONAL,Done,1821,1085,60,,NO,,NO,NO,"Children aged <7 years in measles outbreak area in Gombak and Petaling, Selangor",9/3/26 18:17
MYS,Malaysia,WPRO,2019,VACWEEK,MEASLES,1/1/19,,<7 Y,SUBNATIONAL,Done,,197,,DTaP-IPV/Hib,NO,,NO,NO,"Children <7 years in Kota Kinabalu, Sabah",9/3/26 18:17
MYS,Malaysia,WPRO,2019,VACWEEK,MEASLES,2/1/19,,<7 Y,SUBNATIONAL,Done,,111,,DTaP-IPV/Hib,NO,,NO,NO,"Children <7 years in Kota Kinabalu, Sabah",9/3/26 18:17
MYS,Malaysia,WPRO,2019,VACWEEK,MEASLES,3/1/19,,<7 Y,SUBNATIONAL,Done,,806,,DTaP-IPV/Hib,NO,,NO,NO,"Children <7 years in Kota Kinabalu, Sabah",9/3/26 18:17
MYS,Malaysia,WPRO,2019,VACWEEK,MEASLES,4/1/19,,<7 Y,SUBNATIONAL,Done,,596,,DTaP-IPV/Hib,NO,,NO,NO,"Children <7 years in Kota Kinabalu, Sabah",9/3/26 18:17
MYS,Malaysia,WPRO,2019,VACWEEK,MEASLES,5/1/19,,<7 Y,SUBNATIONAL,Done,,414,,DTaP-IPV/Hib,NO,,NO,NO,"Children <7 years in Kota Kinabalu, Sabah",9/3/26 18:17
MYS,Malaysia,WPRO,2019,VACWEEK,MEASLES,6/1/19,,<7 Y,SUBNATIONAL,Done,,20,,DTaP-IPV/Hib,NO,,NO,NO,"Children <7 years in Kota Kinabalu, Sabah",9/3/26 18:17
MYS,Malaysia,WPRO,2019,VACWEEK,MEASLES,7/1/19,,<7 Y,SUBNATIONAL,Done,,45,,DTaP-IPV/Hib,NO,,NO,NO,"Children <7 years in Kota Kinabalu, Sabah",9/3/26 18:17
MYS,Malaysia,WPRO,2019,VACWEEK,MEASLES,8/1/19,,<7 Y,SUBNATIONAL,Done,,189,,DTaP-IPV/Hib,NO,,NO,NO,"Children <7 years in Kota Kinabalu, Sabah",9/3/26 18:17
MYS,Malaysia,WPRO,2019,VACWEEK,MEASLES,9/1/19,,<7 Y,SUBNATIONAL,Done,,441,,,NO,,NO,NO,"Children <7 years in Kota Kinabalu, Sabah",9/3/26 18:17
MYS,Malaysia,WPRO,2022,MopUp,M_MMR,1/1/22,1/31/22,<7 Y,SUBNATIONAL,Done,86,86,100,,,,,,,9/3/26 18:17
MYS,Malaysia,WPRO,2022,MopUp,M_MMR,2/11/22,2/15/22,<5 Y,SUBNATIONAL,Done,179,179,100,,,,,,,9/3/26 18:17
MYS,Malaysia,WPRO,2022,MopUp,M_MMR,3/1/22,3/1/22,<7 Y,SUBNATIONAL,Done,165,165,100,,,,,,,9/3/26 18:17
MYS,Malaysia,WPRO,2022,MopUp,M_MMR,7/17/22,12/30/22,<5 Y,SUBNATIONAL,Done,23,23,100,,,,,,,9/3/26 18:17
MYS,Malaysia,WPRO,2022,MopUp,M_MMR,8/1/22,10/9/22,<7 Y,SUBNATIONAL,Done,218,218,100,,,,,,,9/3/26 18:17
MYS,Malaysia,WPRO,2022,MopUp,M_MR,4/25/22,11/26/22,<7 Y,SUBNATIONAL,Done,606,599,98.84,,,,,,,9/3/26 18:17
MYS,Malaysia,WPRO,2022,MopUp,MEASLES,7/1/22,7/1/22,<7 Y,SUBNATIONAL,Done,69,69,100,,,,,,,9/3/26 18:17
MYS,Malaysia,WPRO,2022,MopUp,MEASLES,9/1/22,9/1/22,<7 Y,SUBNATIONAL,Done,624,624,100,,,,,,,9/3/26 18:17
MYS,Malaysia,WPRO,2022,MopUp,MMR,12/1/22,12/1/22,<7 Y,SUBNATIONAL,Done,15,15,100,,,,,,,9/3/26 18:17
MYS,Malaysia,WPRO,2023,HRA,MEASLES,1/1/23,12/31/23,6 M-15 Y,SUBNATIONAL,Done,39916,30681,76.86,,,,,,,9/3/26 18:17
MYS,Malaysia,WPRO,2023,OR,M_MR,5/1/23,12/31/23,6 M-15 Y,SUBNATIONAL,Done,87870,75077,85.44,,,,,,,9/3/26 18:17
MYS,Malaysia,WPRO,2024,Campaign,MR_MMR,8/9/24,8/10/24,1-6 Y,SUBNATIONAL,Done,36,36,100,,,,,,,9/3/26 18:17
MYS,Malaysia,WPRO,2024,CaseResponse,MMR,7/13/24,11/9/24,9 M-15 Y,SUBNATIONAL,Done,1182,250,21.15059222,,,,,,,9/3/26 18:17
MYS,Malaysia,WPRO,2024,CaseResponse,MR,1/13/24,5/5/24,9 M-15 Y,SUBNATIONAL,Done,471,189,40.12738854,,,,,,,9/3/26 18:17
MYS,Malaysia,WPRO,2024,CaseResponse,MR_MMR,5/4/24,9/28/24,9 M-15 Y,SUBNATIONAL,Done,265,265,100,,,,,,,9/3/26 18:17
MYS,Malaysia,WPRO,2024,CatchUp-SIA,M_MMR,9/1/24,9/1/24,1-15 Y,SUBNATIONAL,Done,70,22,31.42857143,,,,,,,9/3/26 18:17
MYS,Malaysia,WPRO,2024,MassPreventive,MR,2/2/24,2/13/24,9-59 M,SUBNATIONAL,Done,132,132,100,,,,,,,9/3/26 18:17
MYS,Malaysia,WPRO,2024,MopUp,MR_MMR,10/2/24,10/2/24,1-15 Y,SUBNATIONAL,Done,75,13,17.33333333,,,,,,,9/3/26 18:17
MYS,Malaysia,WPRO,2024,MopUp,MR_MMR,12/15/24,12/15/24,1-15 Y,SUBNATIONAL,Done,11,9,81.81818182,,,,,,,9/3/26 18:17
MYS,Malaysia,WPRO,2024,NID,MR_MMR,1/6/24,3/3/24,9 M+,SUBNATIONAL,Done,2247,2117,94.21450823,,,,,,,9/3/26 18:17
MYS,Malaysia,WPRO,2024,OR,M_MMR,1/1/24,12/2/24,6 M-15 Y,SUBNATIONAL,Done,106136,33775,31.82237884,,,,,,,9/3/26 18:17
MYS,Malaysia,WPRO,2024,OR,MMR,4/5/24,12/7/24,9 M-15 Y,SUBNATIONAL,Done,2116,641,30.29300567,,,,,,,9/3/26 18:17
MYS,Malaysia,WPRO,2024,OR,MR,1/1/24,12/30/24,6 M-15 Y,SUBNATIONAL,Done,106136,39930,37.62154217,,,,,,,9/3/26 18:17
MYS,Malaysia,WPRO,2024,OR,MR,6/29/24,2024,9 M-15 Y,SUBNATIONAL,Done,1412,857,60.69405099,,,,,,,9/3/26 18:17
MYS,Malaysia,WPRO,2024,OR,MR_MMR,9/1/24,9/1/24,1-15 Y,SUBNATIONAL,Done,200,125,62.5,,,,,,,9/3/26 18:17
MYS,Malaysia,WPRO,2025,Case response,MR_MMR,1/5/25,1/5/25,9 M+,SUBNATIONAL,Done,1092,74,6.78,,,,,,Municipality/district,9/3/26 18:17
MYS,Malaysia,WPRO,2025,NID,MR,5/25/25,5/25/25,6-59 M,SUBNATIONAL,Done,1000,400,40,,,,,,Municipality/district,9/3/26 18:17
MYS,Malaysia,WPRO,2025,OR,M_MR,1/1/25,12/31/25,1-15 Y,SUBNATIONAL,Done,8218,2821,34.3,,,,,,Municipality/district,9/3/26 18:17
MYS,Malaysia,WPRO,2025,OR,MMR,7/1/25,7/11/25,Risk groups,SUBNATIONAL,Done,471,130,27.6,,,,,,Municipality/district,9/3/26 18:17
MYS,Malaysia,WPRO,2025,OR,MR_MMR,1/11/25,1/11/25,9 M+,SUBNATIONAL,Done,1844,67,3.63,,,,,,Municipality/district,9/3/26 18:17
MYS,Malaysia,WPRO,2025,OR,MR_MMR,12/23/25,12/23/25,Risk groups,SUBNATIONAL,Done,876,876,100,,,,,,Municipality/district,9/3/26 18:17
MYS,Malaysia,WPRO,2025,Preventive,MR,8/4/25,12/1/25,6-59 M,NATIONAL,Done,1242883,1187091,95.51,,,,,,,9/3/26 18:17
MYS,Malaysia,WPRO,2026,Campaign,MR,2026,,6 M-10 Y,SUBNATIONAL,Planned,,,,,,,,,,9/3/26 18:17
NAM,Namibia,AFRO,2000,FollowUp,MEASLES,6/13/00,,9-59 M,NATIONAL,Done,285504,257590,80,VitA; OPV,NO,,NO,NO,,9/3/26 18:17
NAM,Namibia,AFRO,2003,FollowUp,MEASLES,6/24/03,6/26/03,9-59 M,NATIONAL,Done,340000,318240,94,,NO,,NO,NO,,9/3/26 18:17
NAM,Namibia,AFRO,2006,FollowUp,MEASLES,8/22/06,8/24/06,9-59 M,SUBNATIONAL,Done,353270,318905,97,,NO,,NO,NO,"Oshana, Omaheke, Ohangwena, Omusati, Oshikoto, Otjozondjupa, Kunene, Caprivi, Kavango and Karas",9/3/26 18:17
NAM,Namibia,AFRO,2009,FollowUp,MEASLES,6/16/09,6/19/09,9-59 M,NATIONAL,Done,246501,256006,104,,NO,,NO,NO,,9/3/26 18:17
NAM,Namibia,AFRO,2012,NID,MEASLES,6/5/12,6/7/12,9 M-15 Y,NATIONAL,Done,972163,885259,91,,YES,97,YES,NO,NID,9/3/26 18:17
NAM,Namibia,AFRO,2014,Campaign,MEASLES,5/9/14,5/13/14,<1 Y,NATIONAL,Done,12539,3025,24,,NO,,NO,NO,AVW,9/3/26 18:17
NAM,Namibia,AFRO,2016,CatchUp,MR,7/11/16,7/22/16,9 M-39 Y,NATIONAL,Done,1859857,1908193,103,,NO,,NO,YES,"SIAs in all the 14 regions, 35 districts.
JRF 2017: reached 1918411",9/3/26 18:17
NAM,Namibia,AFRO,2018,Campaign,MR,5/12/18,5/18/18,unknown,NATIONAL,Done,82977,1317,1.59,,NO,,NO,NO,MR1 - African Vaccination Week,9/3/26 18:17
NAM,Namibia,AFRO,2018,Campaign,MR,5/12/18,5/18/18,unknown,NATIONAL,Done,82977,5884,7.09,,NO,,NO,NO,MR2 - African Vaccination Week,9/3/26 18:17
NAM,Namibia,AFRO,2019,Campaign,MR,11/18/19,11/22/19,0-11 M,SUBNATIONAL,Done,,1444,,BCG; penta; hepBD; polio; DT; vitA; deworming,NO,,NO,NO,Maternal and Child Health Week,9/3/26 18:17
NAM,Namibia,AFRO,2022,FollowUp,MR,8/8/22,8/19/22,9-59 M,NATIONAL,Done,309916,293705,95,,NO,,NO,NO,,9/3/26 18:17
NAM,Namibia,AFRO,2024,VaccinationWeek,M_MMR,5/20/24,5/25/24,0-59 M,SUBNATIONAL,Done,4948,1102,22.27,polio; deworming,,,,,,9/3/26 18:17
NAM,Namibia,AFRO,2026,FollowUp,MR,9/14/26,,6 M-10 Y,NATIONAL,Planned,924873,,,,,,,,,9/3/26 18:17
NER,Niger,AFRO,2004,CatchUp,MEASLES,12/13/04,12/27/04,9 M-14 Y,Rollover-National,Done,5128821,5071149,99,,NO,,NO,NO,94% of population (6 regions out of 8),9/3/26 18:17
NER,Niger,AFRO,2005,CatchUp,MEASLES,9/19/05,10/2/05,9 M-15 Y,Rollover-National,Done,325281,332318,102,,NO,,NO,NO,6% of population (2 regions out of 8),9/3/26 18:17
NER,Niger,AFRO,2008,FollowUp,MEASLES,1/7/08,1/13/08,9-59 M,NATIONAL,Done,2933514,2942563,100,,NO,,NO,NO,,9/3/26 18:17
NER,Niger,AFRO,2010,FollowUp,MEASLES,11/23/10,12/2/10,9-47 M,NATIONAL,Done,2610150,2661324,102,,NO,,NO,YES,,9/3/26 18:17
NER,Niger,AFRO,2012,FollowUp,MEASLES,11/11/12,11/17/12,9 M-14 Y,NATIONAL,Done,7615087,7736066,102,,YES,97,YES,NO,,9/3/26 18:17
NER,Niger,AFRO,2015,FollowUp,MEASLES,11/30/15,12/9/15,9-59 M,NATIONAL,Done,3425865,3299923,96,,NO,,NO,YES,Q4 2015 RPerry 29/01/2016,9/3/26 18:17
NER,Niger,AFRO,2019,FollowUp,MEASLES,9/13/19,9/19/19,9-59 M,NATIONAL,Done,4299707,4375977,102,,YES,94,YES,YES,,9/3/26 18:17
NER,Niger,AFRO,2022,FollowUp,MEASLES,12/22/22,12/28/22,6-59 M,NATIONAL,Done,5098682,5329865,104.53,,YES,92.7,YES,YES,,9/3/26 18:17
NER,Niger,AFRO,2022,OR,MEASLES,3/1/22,6/30/22,6 M-15 Y,SUBNATIONAL,Done,1439024,1332515,92.6,,,,,,,9/3/26 18:17
NER,Niger,AFRO,2025,FollowUp,MEASLES,4/18/25,4/24/25,6-59 M,NATIONAL,Done,5080315,5405150,106,BCU,YES,88.1,YES,,,9/3/26 18:17
NGA,Nigeria,AFRO,2005,CatchUp,MEASLES,12/6/05,12/10/05,9 M-15 Y,Rollover-National,Done,29500000,28538970,95.2,,NO,,NO,NO,50% population (20 northern states),9/3/26 18:17
NGA,Nigeria,AFRO,2006,CatchUp,MEASLES,10/3/06,10/9/06,9 M-15 Y,Rollover-National,Done,31630010,26353790,83,,NO,,NO,NO,50% population 17 States in Nigeria,9/3/26 18:17
NGA,Nigeria,AFRO,2007,MopUp,MEASLES,1/1/07,,9-59 M,SUBNATIONAL,Done,2583480,2308527,89.4,,NO,,NO,NO,"S. East, S. South & S. West",9/3/26 18:17
NGA,Nigeria,AFRO,2007,MopUp,MEASLES,3/26/07,3/31/07,School-age,SUBNATIONAL,Done,662164,517410,78,,NO,,NO,NO,SW State,9/3/26 18:17
NGA,Nigeria,AFRO,2008,FollowUp,MEASLES,11/26/08,12/15/08,9-59 M,NATIONAL,Done,29828230,28848100,97,,NO,,NO,NO,,9/3/26 18:17
NGA,Nigeria,AFRO,2011,FollowUp,MEASLES,1/26/11,2/23/11,9-59 M,NATIONAL,Done,28272890,28435590,100,,NO,,NO,YES,Northern States 26 to 30 Jan. Southern  States 23 to 27 Feb.,9/3/26 18:17
NGA,Nigeria,AFRO,2013,FollowUp,MEASLES,10/5/13,10/9/13,9-59 M,SUBNATIONAL,Done,15957210,17004060,107,,YES,82.4,YES,YES,Phase 1: 20 Northern states,9/3/26 18:17
NGA,Nigeria,AFRO,2013,FollowUp,MEASLES,11/2/13,11/6/13,9-59 M,SUBNATIONAL,Done,13344280,13575610,102,,YES,65.7,YES,YES,Phase 2: 17 Southern states,9/3/26 18:17
NGA,Nigeria,AFRO,2013,OR,MEASLES,4/13/13,4/16/13,6-59 M,SUBNATIONAL,Done,4556778,1197405,26,,NO,,NO,NO,,9/3/26 18:17
NGA,Nigeria,AFRO,2015,FollowUp,MEASLES,11/21/15,11/25/15,6 M-10 Y,SUBNATIONAL,Done,23967620,24069020,100,,YES,84,YES,YES,Northern states,9/3/26 18:17
NGA,Nigeria,AFRO,2016,FollowUp,MEASLES,1/28/16,2/1/16,9-59 M,NATIONAL,Done,14577010,19065790,131,,YES,84,YES,YES,"Phase 2 (Phase 1 in 2015): Southern states (17)
Total target (2015+2016 campaigns): 39,160,634
JRF 2017: reached 19,102,223 - %cov: 95",9/3/26 18:17
NGA,Nigeria,AFRO,2017,FollowUp,MEASLES,11/9/17,4/30/18,9-59 M,NATIONAL,Done,37412277,40044875,107,,YES,88,YES,YES,,9/3/26 18:17
NGA,Nigeria,AFRO,2017,OR,MEASLES,1/12/17,2/6/17,6 M-10 Y,SUBNATIONAL,Done,4764495,4675876,98.1,,NO,,NO,YES,"OBR (Adamawa, Borno and Yobe states)",9/3/26 18:17
NGA,Nigeria,AFRO,2019,FollowUp,MEASLES,10/31/19,11/30/19,9-59 M,SUBNATIONAL,Done,20531080,21417930,104,MenA; YF,NO,,NO,NO,Kano State: 31/10-05/11 - Nasawara State: 30/11 - Kogi State: 09/12 - Rest of North: 16/11,9/3/26 18:17
NGA,Nigeria,AFRO,2019,OR,MEASLES,2019,,6 M-9 Y,SUBNATIONAL,Done,,475778,92,,NO,,NO,NO,First phase of ORI completed in 8 wards in Maiduguri LGA,9/3/26 18:17
NGA,Nigeria,AFRO,2020,FollowUp,MEASLES,10/9/20,10/18/20,9-59 M,SUBNATIONAL,Done,1894975,2160253,114,,NO,,NO,NO,(Kogi & Niger states),9/3/26 18:17
NGA,Nigeria,AFRO,2021,FollowUp,MEASLES,11/1/21,11/10/21,9-59 M,SUBNATIONAL,Done,16991051,16203500,95.3,,YES,77.6,YES,NO,,9/3/26 18:17
NGA,Nigeria,AFRO,2022,FollowUp,MEASLES,2022,,9-59 M,SUBNATIONAL,Done,27393635,26837536,98,,NO,,NO,NO,,9/3/26 18:17
NGA,Nigeria,AFRO,2022,FollowUp,MEASLES,6/1/22,6/10/22,9-59 M,SUBNATIONAL,Done,5736063,6281891,108.68,YF; MenA,YES,78.3,YES,,Q3/Q4 ( 23 States),9/3/26 18:17
NGA,Nigeria,AFRO,2023,FollowUp,MEASLES,2023-10,2023-12,9-59 M,SUBNATIONAL,Done,15181695,15824218,96,YF,YES,87.2,YES,,,9/3/26 18:17
NGA,Nigeria,AFRO,2024,FollowUp,MEASLES,7/15/24,7/27/24,9-59 M,SUBNATIONAL,Done,24258613,23463447,97,YF; polio,YES,84.2,NO,NO,2 phases,9/3/26 18:17
NGA,Nigeria,AFRO,2025,CatchUp,MR,10/18/25,10/27/25,9 M-14 Y,SUBNATIONAL,Done,24005703,25017317,104.2,,,,,,Phase 1 - Stream 2,9/3/26 18:17
NGA,Nigeria,AFRO,2025,CatchUp-SIA,MR,10/4/25,10/13/25,9 M-14 Y,NATIONAL,Done,35512958,34823974,98.1,Polio; malaria?,NO,,NO,NO,Phase 1 - Stream 1,9/3/26 18:17
NGA,Nigeria,AFRO,2027,FollowUp,MR,2027,,9-59 M,SUBNATIONAL,Planned,26123099,,,,NO,,NO,NO,Northern states,9/3/26 18:17
NIC,Nicaragua,AMRO,2000,FollowUp,MMR,4/1/00,,2-4 Y,NATIONAL,Done,478537,463648,97,,NO,,NO,NO,,9/3/26 18:17
NIC,Nicaragua,AMRO,2002,MopUp,MMR,10/21/02,,12-48 M,NATIONAL,Done,43410,38095,88,,NO,,NO,NO,,9/3/26 18:17
NIC,Nicaragua,AMRO,2003,MopUp,MMR,5/1/03,,0-11 M,NATIONAL,Done,41569,31282,75.2,,NO,,NO,NO,,9/3/26 18:17
NIC,Nicaragua,AMRO,2004,FollowUp,MR,5/1/04,,1-4 Y,NATIONAL,Done,539710,542044,99,,NO,,NO,NO,,9/3/26 18:17
NIC,Nicaragua,AMRO,2005,FollowUp,MMR,5/1/05,,12 M,NATIONAL,Done,30000,34776,100,,NO,,NO,NO,,9/3/26 18:17
NIC,Nicaragua,AMRO,2005,FollowUp,MR,11/1/05,11/30/05,6-39 Y,NATIONAL,Done,4109603,4068506,99,,NO,,NO,NO,,9/3/26 18:17
NIC,Nicaragua,AMRO,2006,FollowUp,MMR,5/1/06,,0-58 M,NATIONAL,Done,34876,36814,95,,NO,,NO,NO,,9/3/26 18:17
NIC,Nicaragua,AMRO,2008,FollowUp,MR,4/14/08,4/26/08,1-4 Y,NATIONAL,Done,539710,542044,99,,NO,,NO,NO,,9/3/26 18:17
NIC,Nicaragua,AMRO,2011,CatchUp,MR,2011,,1-39 Y,NATIONAL,Done,259261,303261,116,,NO,,NO,NO,,9/3/26 18:17
NIC,Nicaragua,AMRO,2012,FollowUp,MR,3/1/12,3/30/12,1-4 Y,NATIONAL,Done,1741367,1753136,101,,NO,,NO,NO,,9/3/26 18:17
NIC,Nicaragua,AMRO,2016,FollowUp,MR,4/1/16,4/30/16,1-4 Y,NATIONAL,Done,538875,568422,105,,NO,,NO,NO,"Sexta campaña de seguimiento contra sarampión/rubéola
 11 cohortes del grupo de 1 año y el grupo de 2 a 4 años",9/3/26 18:17
NIC,Nicaragua,AMRO,2022,FollowUp,MMR,4/19/22,5/28/22,1-6 Y,NATIONAL,Done,723790,823127,113.72,,,,,,,9/3/26 18:17
NIC,Nicaragua,AMRO,2025,FollowUp,MR,2025,,1-14 Y,NATIONAL,Done,1360095,1364841,100.3,,,,,,,9/3/26 18:17
NIU,Niue,WPRO,2001,FollowUp,MEASLES,9/1/01,,12-59 M,NATIONAL,Done,,,,,NO,,NO,NO,,9/3/26 18:17
NIU,Niue,WPRO,2003,MopUp,MMR,6/1/03,,5-11 Y,NATIONAL,Done,280,100,36,,NO,,NO,NO,NA,9/3/26 18:17
NPL,Nepal,SEARO,2004,CatchUp,MEASLES,9/21/04,10/9/04,9 M-15 Y,Rollover-National,Done,5344765,5490931,103,,NO,,NO,NO,50% of pop. PHASE 1 (35 districts),9/3/26 18:17
NPL,Nepal,SEARO,2005,CatchUp,MEASLES,1/4/05,2/6/04,9 M-15 Y,Rollover-National,Done,4202725,4348792,107,,NO,,NO,NO,PHASE 2,9/3/26 18:17
NPL,Nepal,SEARO,2005,CatchUp,MEASLES,4/21/05,5/1/05,9 M-15 Y,Rollover-National,Done,123623,145438,118,,NO,,NO,NO,PHASE 3,9/3/26 18:17
NPL,Nepal,SEARO,2008,FollowUp,MEASLES,9/10/08,,9 M-5 Y,NATIONAL,Done,971470,909421,94,,NO,,NO,NO,,9/3/26 18:17
NPL,Nepal,SEARO,2008,FollowUp,MEASLES,12/6/08,,9 M-5 Y,NATIONAL,Done,2932045,2724856,93,,NO,,NO,NO,Second Phase 46/75 districts,9/3/26 18:17
NPL,Nepal,SEARO,2012,CatchUp,MR,2/26/12,3/12/13,9 M-14 Y,SUBNATIONAL,Done,1786088,1843087,103,,NO,,NO,NO,1st Phase,9/3/26 18:17
NPL,Nepal,SEARO,2012,CatchUp,MR,9/17/12,10/16/12,9 M-14 Y,SUBNATIONAL,Done,2404307,2380264,99,,NO,,NO,NO,2nd phase,9/3/26 18:17
NPL,Nepal,SEARO,2012,CatchUp,MR,12/14/12,1/14/13,9 M-14 Y,SUBNATIONAL,Done,5767801,5767801,100,,NO,,NO,NO,3rd phase,9/3/26 18:17
NPL,Nepal,SEARO,2015,FollowUp,MR,8/15/15,9/15/15,6 M-5 Y,SUBNATIONAL,Done,500344,453665,91,,NO,,NO,YES,14 districts,9/3/26 18:17
NPL,Nepal,SEARO,2016,FollowUp,MR,2/7/16,4/12/16,9-59 M,SUBNATIONAL,Done,2501919,2528539,101,,NO,,NO,YES,"4 phases
integrated with OPV",9/3/26 18:17
NPL,Nepal,SEARO,2020,FollowUp,MR,2/15/20,7/7/20,9-59 M,NATIONAL,Done,2548336,2563810,101,,YES,84,YES,NO,,9/3/26 18:17
NPL,Nepal,SEARO,2023,Mass Preventive,M_MR,12/15/23,12/31/23,6 M-14 Y,SUBNATIONAL,Done,116171,118931,102.29,Typhoid,,,,,Municipality/district,9/3/26 18:17
NPL,Nepal,SEARO,2023,OR,MEASLES,6/4/23,9/13/23,6 M-14 Y,SUBNATIONAL,Done,1694989,1822745,107.54,,,,,,Municipality/district,9/3/26 18:17
NPL,Nepal,SEARO,2024,FollowUp,MR,2/25/24,3/20/24,9-59 M,NATIONAL,Done,5895553,6278785,106.5,DTP; PCV; IPV,YES,90,YES,NO,TP is 9 months-14 years in 24 high risk districts and 9-59 months in 51 districts,9/3/26 18:17
NRU,Naoero,WPRO,2001,FollowUp,MEASLES,9/1/01,,12-59 M,NATIONAL,Done,,,,,NO,,NO,NO,,9/3/26 18:17
NRU,Naoero,WPRO,2019,OR,MR,10/1/19,,Health Care Workers,NATIONAL,Done,167,112,67,,NO,,NO,NO,measles outbreak preparedness,9/3/26 18:17
NRU,Naoero,WPRO,2019,OR,MR,10/1/19,,POE workers,NATIONAL,Done,15,12,80,,NO,,NO,NO,measles outbreak preparedness,9/3/26 18:17
NRU,Naoero,WPRO,2019,OR,MR,10/1/19,,travellers,NATIONAL,Done,640,640,100,,NO,,NO,NO,measles outbreak preparedness,9/3/26 18:17
NRU,Naoero,WPRO,2019,OR,MR,10/1/19,,9 M,NATIONAL,Done,82,74,90,,NO,,NO,NO,,9/3/26 18:17
NZL,New Zealand,WPRO,2020,CatchUp,MMR,7/1/20,3/31/22,15-30 Y,NATIONAL,Done,,4644,,,NO,,NO,NO,catch-up immunization targeted at Pacific and Maori people aged 15-30,9/3/26 18:17
NZL,New Zealand,WPRO,2022,,M_MR,7/1/22,9/30/22,6 M- 12 Y,NATIONAL,Done,,,,,,,,,Maori and Pacific,9/3/26 18:17
NZL,New Zealand,WPRO,2022,Campaign,M_MMR,5/19/22,5/19/22,17-33 Y,SUBNATIONAL,Done,3686,2486,67.44,,,,,,Regional pilot of direct marketing emails to a high-priority cohort (a targeted subset of the local eligible population of 58000) using the C-19 population identification and registration system (CPIR),9/3/26 18:17
OMN,Oman,EMRO,2016,CatchUp,MMR,8/15/16,8/25/16,6 M-40 Y,UNKNOWN,Done,2695,2695,100,,NO,,NO,NO,,9/3/26 18:17
OMN,Oman,EMRO,2017,SIA,MMR,9/10/17,9/16/17,20-35 Y,UNKNOWN,Done,1808107,1658642,92,,NO,,NO,NO,,9/3/26 18:17
PAK,Pakistan,EMRO,2005,CatchUp,MEASLES,12/1/05,,12-59 M,Rollover-National,Done,1600000,1232000,77,,NO,,NO,NO,6 districts in Kashmir affected by the earthquake,9/3/26 18:17
PAK,Pakistan,EMRO,2007,CatchUp,MEASLES,3/1/07,3/18/07,9 M-15 Y,Rollover-National,Done,2571536,2511837,98,,NO,,NO,NO,"Phase 1: 4 districts: Mirpur, Mardan, Gujrat, Dadu",9/3/26 18:17
PAK,Pakistan,EMRO,2007,CatchUp,MEASLES,7/2/07,7/18/07,9 M-13 Y,Rollover-National,Done,1219364,1282232,105,,NO,,NO,NO,Phase 2: 6 districts,9/3/26 18:17
PAK,Pakistan,EMRO,2007,CatchUp,MEASLES,8/20/07,9/5/07,9 M-13 Y,Rollover-National,Done,6890603,6906376,100,,NO,,NO,NO,Phase 3: 40 districts,9/3/26 18:17
PAK,Pakistan,EMRO,2007,CatchUp,MEASLES,11/12/07,11/28/07,9 M-13 Y,Rollover-National,Done,21262960,20566500,97,,NO,,NO,NO,Phase 4: Sindh (48 districts),9/3/26 18:17
PAK,Pakistan,EMRO,2008,CatchUp,MEASLES,3/17/08,3/29/08,9 M-13 Y,Rollover-National,Done,34123300,35315380,103,,NO,,NO,NO,Phase 5,9/3/26 18:17
PAK,Pakistan,EMRO,2010,FollowUp,MEASLES,9/20/10,10/2/10,6-59 M,SUBNATIONAL,Done,7359790,6991065,95,,NO,,NO,YES,,9/3/26 18:17
PAK,Pakistan,EMRO,2010,MopUp,MEASLES,2/22/10,3/5/10,9 M-<13 Y,SUBNATIONAL,Done,15209540,13740910,96,,NO,,NO,NO,Flood response - Balochistan (16 Districts out of 30 Districts),9/3/26 18:17
PAK,Pakistan,EMRO,2010,MopUp,MEASLES,10/25/10,11/5/10,6-59 M,SUBNATIONAL,Done,988224,1007195,101,,NO,,NO,NO,,9/3/26 18:17
PAK,Pakistan,EMRO,2011,FollowUp,MEASLES,1/5/11,1/17/11,9-59 M,SUBNATIONAL,Done,1401269,1299618,93,,NO,,NO,YES,8 districts of Sindh and 4 districts of Balochistan,9/3/26 18:17
PAK,Pakistan,EMRO,2011,FollowUp,MEASLES,1/10/11,1/22/11,9-59 M,SUBNATIONAL,Done,872287,784337,90,,NO,,NO,YES,7 districts of KP,9/3/26 18:17
PAK,Pakistan,EMRO,2011,FollowUp,MEASLES,1/17/11,1/29/11,9-59 M,SUBNATIONAL,Done,5143498,5098071,99,,NO,,NO,YES,11 districts of Punjab,9/3/26 18:17
PAK,Pakistan,EMRO,2011,FollowUp,MEASLES,2/18/11,3/1/11,9-59 M,SUBNATIONAL,Done,2028374,1744206,86,,NO,,NO,YES,"18 towns of Karachi, 05 Districts of Sindh",9/3/26 18:17
PAK,Pakistan,EMRO,2011,FollowUp,MEASLES,7/4/11,7/9/11,9-59 M,SUBNATIONAL,Done,225947,205551,91,,NO,,NO,YES,7 districts of Gilgit Baltistan,9/3/26 18:17
PAK,Pakistan,EMRO,2011,FollowUp,MEASLES,11/21/11,11/26/11,9-59 M,SUBNATIONAL,Done,570538,547716,96,,NO,,NO,YES,10 districts of AJK,9/3/26 18:17
PAK,Pakistan,EMRO,2012,FollowUp,MEASLES,12/24/12,1/4/13,9 M-9 Y,SUBNATIONAL,Done,1918267,1954175,101,,NO,,NO,NO,,9/3/26 18:17
PAK,Pakistan,EMRO,2013,OR,MEASLES,1/1/13,3/31/13,9 M-9 Y,SUBNATIONAL,Done,3705698,4002154,108,,NO,,NO,NO,,9/3/26 18:17
PAK,Pakistan,EMRO,2013,OR,MEASLES,4/29/13,9/14/13,6 M-9 Y,SUBNATIONAL,Done,28110530,26986020,96,,NO,,NO,NO,,9/3/26 18:17
PAK,Pakistan,EMRO,2014,FollowUp,MEASLES,5/19/14,5/31/14,6 M-9 Y,SUBNATIONAL,Done,9346563,9432492,101,,YES,,YES,YES,KP,9/3/26 18:17
PAK,Pakistan,EMRO,2014,FollowUp,MEASLES,5/19/14,5/31/14,6 M-9 Y,SUBNATIONAL,Done,13418260,14026010,105,,YES,,YES,YES,Sindh,9/3/26 18:17
PAK,Pakistan,EMRO,2014,FollowUp,MEASLES,12/8/14,12/20/14,6 M-9 Y,SUBNATIONAL,Done,1438492,1439892,100,,NO,,NO,YES,AJK,9/3/26 18:17
PAK,Pakistan,EMRO,2015,FollowUp,MEASLES,1/26/15,2/9/15,6 M-10 Y,SUBNATIONAL,Done,29670750,30633410,103,,NO,,NO,YES,Punjab,9/3/26 18:17
PAK,Pakistan,EMRO,2015,FollowUp,MEASLES,2/9/15,2/21/15,6 M-10 Y,SUBNATIONAL,Done,240921,227762,95,,NO,,NO,YES,CDA - Islamabad,9/3/26 18:17
PAK,Pakistan,EMRO,2015,FollowUp,MEASLES,2/16/15,2/28/15,6 M-10 Y,SUBNATIONAL,Done,165355,204308,124,,NO,,NO,YES,ICT - Islamabad,9/3/26 18:17
PAK,Pakistan,EMRO,2015,FollowUp,MEASLES,4/13/15,4/25/15,6 M-10 Y,SUBNATIONAL,Done,3474044,3512771,101,,NO,,NO,NO,Balochistan,9/3/26 18:17
PAK,Pakistan,EMRO,2015,FollowUp,MEASLES,5/18/15,5/30/15,6 M-10 Y,SUBNATIONAL,Done,414494,413695,99.8,,NO,,NO,YES,Gilgit Baltistan,9/3/26 18:17
PAK,Pakistan,EMRO,2015,FollowUp,MEASLES,8/20/15,8/31/15,6 M-10 Y,SUBNATIONAL,Done,1607543,1519242,95,,NO,,NO,YES,FATA,9/3/26 18:17
PAK,Pakistan,EMRO,2017,NID,MEASLES,8/1/17,,9-59 M,SUBNATIONAL,Done,1355202,1279819,94,,NO,,NO,NO,,9/3/26 18:17
PAK,Pakistan,EMRO,2018,FollowUp,MEASLES,10/15/18,10/27/18,9-59 M,NATIONAL,Done,35199410,37131230,105,,YES,93,YES,NO,,9/3/26 18:17
PAK,Pakistan,EMRO,2018,OR,MEASLES,5/11/18,5/17/18,9-119 M,SUBNATIONAL,Done,92234,91111,99,,NO,,NO,YES,"High Risk UC s of 5 districts of Balochistan
9-59 months in district Duki, Killa Abdullah and Sibi
60-119 months in district Gwadar and Kalat",9/3/26 18:17
PAK,Pakistan,EMRO,2018,OR,MEASLES,5/14/18,6/7/18,6-59 M,SUBNATIONAL,Done,1053898,914058,87,,NO,,NO,YES,181 selected UCs in 17 districts of Punjab,9/3/26 18:17
PAK,Pakistan,EMRO,2021,CatchUp,MR,11/15/21,11/27/21,9-180 M,NATIONAL,Done,90262980,94792750,105,,YES,93.6,YES,NO,2/3 in 2021,9/3/26 18:17
PAK,Pakistan,EMRO,2023,CatchUp,MR,6/19/23,8/21/23,6 M-5 Y,SUBNATIONAL,Done,419499,466883,111,,,,,YES,,9/3/26 18:17
PAK,Pakistan,EMRO,2023,OR,MR,6/19/23,8/21/23,6 M-5 Y,SUBNATIONAL,Done,2701599,2782647,103.08,,,,,YES,,9/3/26 18:17
PAK,Pakistan,EMRO,2024,OR,M_MR,5/20/24,5/26/24,6-59 M,SUBNATIONAL,Done,4236024,4216344,99.54,,,,,,,9/3/26 18:17
PAK,Pakistan,EMRO,2025,FollowUp,MR,11/17/25,11/29/25,6-59 M,NATIONAL,Done,34555812,34054310,98.549,Polio,YES,91.6,YES,,,9/3/26 18:17
PAN,Panama,AMRO,2003,FollowUp,MR,4/1/03,5/30/03,1-4 Y,NATIONAL,Done,272336,268267,98,,NO,,NO,NO,NA,9/3/26 18:17
PAN,Panama,AMRO,2006,FollowUp,MR,4/22/06,4/29/06,6-59 M,NATIONAL,Done,12369,11280,91,,NO,,NO,NO,NA,9/3/26 18:17
PAN,Panama,AMRO,2008,FollowUp,MR,3/1/08,5/8/08,1-4 Y,NATIONAL,Done,278500,260245,94,,NO,,NO,NO,,9/3/26 18:17
PAN,Panama,AMRO,2010,Campaign,MR,4/1/10,,unknown,NATIONAL,Done,27775,23924,86,,NO,,NO,NO,,9/3/26 18:17
PAN,Panama,AMRO,2010,FollowUp,MMR,4/1/10,,<5 Y,NATIONAL,Done,211568,33092,15,,NO,,NO,NO,,9/3/26 18:17
PAN,Panama,AMRO,2018,Campaign,MR,3/1/18,,1-4 Y,NATIONAL,Done,296019,288274,97.4,,NO,,NO,NO,,9/3/26 18:17
PAN,Panama,AMRO,2024,FollowUp,MMR,3/7/24,5/15/24,12-59 M,NATIONAL,Done,248725,245725,98.79,,NO,,NO,NO,,9/3/26 18:17
PER,Peru,AMRO,2001,FollowUp,MEASLES,10/10/01,11/30/01,1-4 Y,NATIONAL,Done,2610926,2532598,97,,NO,,NO,NO,,9/3/26 18:17
PER,Peru,AMRO,2003,MopUp,MMR,6/1/03,6/7/03,0-11 M,NATIONAL,Done,288363,280515,97.2,,NO,,NO,NO,NA,9/3/26 18:17
PER,Peru,AMRO,2003,MopUp,MMR,10/26/03,,0-11 M,NATIONAL,Done,576725,41271,7.2,,NO,,NO,NO,NA,9/3/26 18:17
PER,Peru,AMRO,2004,VACWEEK,MR,5/1/04,,16-20 Y,NATIONAL,Done,1400000,1057322,75.5,,NO,,NO,NO,Women NA,9/3/26 18:17
PER,Peru,AMRO,2006,Speedup,MR,10/1/06,11/20/06,2-39 Y,NATIONAL,Done,19207510,20070340,105,,NO,,NO,NO,NA,9/3/26 18:17
PER,Peru,AMRO,2011,FollowUp,MR,4/1/11,,1-4 Y,NATIONAL,Done,2570871,2033123,87,,NO,,NO,NO,,9/3/26 18:17
PER,Peru,AMRO,2015,Campaign,MMR,4/25/15,5/31/15,1 Y,NATIONAL,Done,40878,44702,109,,NO,,NO,NO,,9/3/26 18:17
PER,Peru,AMRO,2016,FollowUp,MR,11/12/16,11/30/16,2-5 Y,NATIONAL,Done,2135335,1662728,78,,NO,,NO,NO,,9/3/26 18:17
PER,Peru,AMRO,2019,Campaign,MMR,5/1/19,,<5 Y,NATIONAL,Done,5010731,4629067,92.38,,NO,,NO,NO,,9/3/26 18:17
PER,Peru,AMRO,2024,Campaign,M_MMR,9/15/24,11/30/24,Other,NATIONAL,Done,2862497,2516854,87.93,Polio,NO,,NO,NO,,9/3/26 18:17
PHL,Philippines,WPRO,2001,FollowUp,MEASLES,7/1/01,,9-59 M,SUBNATIONAL,Done,,,,,NO,,NO,NO,region 3 & 4,9/3/26 18:17
PHL,Philippines,WPRO,2002,FollowUp,MEASLES,6/25/02,7/2/02,9-59 M,SUBNATIONAL,Done,507463,500897,99,,NO,,NO,NO,Iwas Tigdas,9/3/26 18:17
PHL,Philippines,WPRO,2004,FollowUp,MEASLES,2/2/04,3/31/04,9 M-7 Y,NATIONAL,Done,18394880,17291560,94,,NO,,NO,NO,,9/3/26 18:17
PHL,Philippines,WPRO,2005,FollowUp,MEASLES,4/1/05,6/30/05,9-59 M,SUBNATIONAL,Done,,,,,NO,,NO,NO,urban depressed areas,9/3/26 18:17
PHL,Philippines,WPRO,2007,FollowUp,MEASLES,10/15/07,11/30/07,9-48 M,NATIONAL,Done,8648864,8201862,95,,NO,,NO,NO,Fall campaign,9/3/26 18:17
PHL,Philippines,WPRO,2009,FollowUp,MEASLES,8/1/09,8/31/09,15-23 M,UNKNOWN,Done,787693,459682,58,,NO,,NO,NO,,9/3/26 18:17
PHL,Philippines,WPRO,2010,HRA,MEASLES,7/1/10,,9-59 M,SUBNATIONAL,Done,,420129,,,NO,,NO,NO,,9/3/26 18:17
PHL,Philippines,WPRO,2011,FollowUp,MR,4/4/11,6/3/11,9-95 M,NATIONAL,Done,18651790,15649910,84,,NO,,NO,YES,,9/3/26 18:17
PHL,Philippines,WPRO,2013,Campaign,MEASLES,11/11/13,12/14/13,6-59 M,UNKNOWN,Done,,1937471,,,NO,,NO,NO,Fill-in measles vaccination campaign in Typhoon Haiyan-affected areas,9/3/26 18:17
PHL,Philippines,WPRO,2013,MopUp,MEASLES,11/25/13,12/14/13,6-59 M,UNKNOWN,Done,,108783,,,NO,,NO,NO,Mop-up measles vaccination campaign in Typhoon Haiyan-affected areas,9/3/26 18:17
PHL,Philippines,WPRO,2013,OR,MEASLES,7/1/13,12/31/13,<5 Y,SUBNATIONAL,Done,,,,,NO,,NO,NO,,9/3/26 18:17
PHL,Philippines,WPRO,2014,CatchUp,MEASLES,1/23/14,2/3/14,6-36 M,SUBNATIONAL,Done,2183971,1695930,78,,NO,,NO,NO,"3 regions : NCR (Metro Manila) plus 7 provinces in regions 3 and 4A (Cavite, Laguna, Batangas, Rizal, Quezon, Bulacan, Pampanga)",9/3/26 18:17
PHL,Philippines,WPRO,2014,FollowUp,MR,9/1/14,10/10/14,9-59 M,NATIONAL,Done,11485540,10402490,91,,NO,,NO,YES,,9/3/26 18:17
PHL,Philippines,WPRO,2018,Campaign,MMR,4/1/18,5/30/18,6-59 M,SUBNATIONAL,Done,4205517,2893466,69,,NO,,NO,NO,Phase1 SIA : NCR and Mindanao Regions,9/3/26 18:17
PHL,Philippines,WPRO,2018,Campaign,MMR,9/1/18,11/30/18,6-59 M,SUBNATIONAL,Done,6604059,2089432,32,,NO,,NO,NO,Phase 2 SIA : Luzon and Visayas Regions except NCR,9/3/26 18:17
PHL,Philippines,WPRO,2019,Campaign,MMR,2/1/19,5/31/19,6-59 M,NATIONAL,Done,3784099,3920103,104,,NO,,NO,NO,,9/3/26 18:17
PHL,Philippines,WPRO,2019,Campaign,MMR,5/1/19,9/30/19,>12 Y or outside target vaccinated,NATIONAL,Done,2179336,947677,43,,NO,,NO,NO,,9/3/26 18:17
PHL,Philippines,WPRO,2019,FollowUp,MMR,5/1/19,9/30/19,5-12 Y,NATIONAL,Done,8575452,2457514,29,,NO,,NO,NO,school-based,9/3/26 18:17
PHL,Philippines,WPRO,2020,FollowUp,MR,10/26/20,11/25/20,9-59 M,NATIONAL,Done,4362647,4051497,93.1,bOPV,NO,,NO,NO,Phase 1,9/3/26 18:17
PHL,Philippines,WPRO,2021,CatchUp,MEASLES,10/4/21,12/31/21,<1 Y,SUBNATIONAL,Done,212869,20861,9.8,,NO,,NO,NO,catch-up for routine immunization,9/3/26 18:17
PHL,Philippines,WPRO,2021,FollowUp,MR,2/1/21,2/28/21,9-59 M,NATIONAL,Done,5100787,4497596,88,,NO,,NO,NO,Phase 2,9/3/26 18:17
PHL,Philippines,WPRO,2022,CatchUp,M_MMR,10/3/22,12/30/22,<2 Y,SUBNATIONAL,Done,318492,98312,,,,,,,,9/3/26 18:17
PHL,Philippines,WPRO,2023,FollowUp,MR,5/1/23,6/15/23,9-59 M,NATIONAL,Done,9704231,8184944,84.3,,,,,,,9/3/26 18:17
PHL,Philippines,WPRO,2026,FollowUp,MR,2026-01,,6-59 M,NATIONAL,Planned,11922969,,,,,,,,in 3 phases,9/3/26 18:17
PNG,Papua New Guinea,WPRO,2003,CatchUp,MEASLES,11/1/03,11/30/03,6 M-10 Y,Rollover-National,Done,117626,126666,107,,NO,,NO,NO,,9/3/26 18:17
PNG,Papua New Guinea,WPRO,2004,CatchUp,MEASLES,3/8/04,3/31/04,6 M-10 Y,Rollover-National,Done,909379,876071,96.3,,NO,,NO,NO,,9/3/26 18:17
PNG,Papua New Guinea,WPRO,2005,CatchUp,MEASLES,6/1/05,,6 M-10 Y,Rollover-National,Done,1357922,1312740,76,,NO,,NO,NO,"Western & Gulf Provinces, Southern Highlands",9/3/26 18:17
PNG,Papua New Guinea,WPRO,2008,FollowUp,MEASLES,3/1/08,6/30/09,6-83 M,Rollover-National,Done,1148685,945582,86,,NO,,NO,NO,,9/3/26 18:17
PNG,Papua New Guinea,WPRO,2010,FollowUp,MEASLES,7/1/10,9/1/10,6 M-2 Y,NATIONAL,Done,558441,233775,42,,NO,,NO,NO,Most provinces have not reported,9/3/26 18:17
PNG,Papua New Guinea,WPRO,2012,FollowUp,MEASLES,4/15/12,6/25/12,6-35 M,NATIONAL,Done,631747,552872,88,,NO,,NO,YES,,9/3/26 18:17
PNG,Papua New Guinea,WPRO,2015,CatchUp,MR,8/12/15,12/31/15,9 M-14 Y,NATIONAL,Done,1286410,801436,62,,NO,,NO,NO,,9/3/26 18:17
PNG,Papua New Guinea,WPRO,2016,CatchUp,MR,3/1/16,5/31/16,9 M-15 Y,SUBNATIONAL,Done,689925,436854,63,,NO,,NO,NO,,9/3/26 18:17
PNG,Papua New Guinea,WPRO,2017,OR,MR,10/24/17,1/31/18,6 M-15 Y,SUBNATIONAL,Done,100431,44126,44,,NO,,NO,NO,,9/3/26 18:17
PNG,Papua New Guinea,WPRO,2019,FollowUp,MR,6/11/19,7/17/19,6-59 M,NATIONAL,Done,1167516,1180422,101,bOPV; vitA,NO,,NO,NO,,9/3/26 18:17
PNG,Papua New Guinea,WPRO,2023,NID,MR,5/1/23,7/31/23,6-59 M,NATIONAL,Done,1223283,871429,71.2,,NO,,NO,NO,,9/3/26 18:17
PNG,Papua New Guinea,WPRO,2027,FollowUp,MR,2027,,9-59 M,NATIONAL,Planned,1206503,,,,,,,,,9/3/26 18:17
PRK,Democratic People's Republic of Korea,SEARO,2007,CatchUp,MEASLES,3/12/07,4/11/07,6 M-45 Y,NATIONAL,Done,16123380,16109430,100,,NO,,NO,NO,Phase 1 & Phase 2,9/3/26 18:17
PRK,Democratic People's Republic of Korea,SEARO,2019,CatchUp,MR,10/1/19,10/25/19,9 M-15 Y,NATIONAL,Done,5337041,5322430,99.7,,YES,,YES,YES,9M-15Y boy and girl  16Y-18Y female,9/3/26 18:17
PRK,Democratic People's Republic of Korea,SEARO,2024,Campaign,MCV,5/20/24,,Other,NATIONAL,Done,461287,56616,12.27348701,VitA; deworming; TT2,,,,,,9/3/26 18:17
PRY,Paraguay,AMRO,2003,FollowUp,MR,5/5/03,6/7/03,1-4 Y,NATIONAL,Done,591351,551912,93.3,,NO,,NO,NO,NA,9/3/26 18:17
PRY,Paraguay,AMRO,2005,SpeedUp,MR,4/1/05,6/30/05,5-39 Y,NATIONAL,Done,3724355,3761998,101,,NO,,NO,NO,NA,9/3/26 18:17
PRY,Paraguay,AMRO,2009,FollowUp,MMR,5/1/09,,1-4 Y,NATIONAL,Done,588351,463851,79,,NO,,NO,NO,,9/3/26 18:17
PRY,Paraguay,AMRO,2009,FollowUp,MR,5/1/09,,5-8 Y,NATIONAL,Done,578477,510129,88,,NO,,NO,NO,,9/3/26 18:17
PRY,Paraguay,AMRO,2013,Campaign,MMR,7/17/13,,1-4 Y,SUBNATIONAL,Done,158657,105560,66,,NO,,NO,NO,,9/3/26 18:17
PRY,Paraguay,AMRO,2014,FollowUp,MMR,4/21/14,7/15/14,1-5 Y,NATIONAL,Done,738619,533899,72,,NO,,NO,YES,,9/3/26 18:17
PRY,Paraguay,AMRO,2017,Campaign,MMR,2017,,1-5 Y,,Done,738619,535703,72.5,,NO,,NO,NO,,9/3/26 18:17
PRY,Paraguay,AMRO,2021,FollowUp,MMR,11/1/21,12/16/22,1-5 Y,NATIONAL,Done,738619,535703,72.53,,NO,,NO,NO,MR/MMR,9/3/26 18:17
PRY,Paraguay,AMRO,2026,Campaign,MMR,2026-10,,12-59 M,NATIONAL,Planned,476474,,,Polio,,,,,,9/3/26 18:17
PSE,"occupied Palestinian territory, including east Jerusalem",EMRO,2000,CatchUp,MEASLES,3/1/00,,2-15 Y,SUBNATIONAL,Done,20000,17804,89,,NO,,NO,NO,7 areas,9/3/26 18:17
PSE,"occupied Palestinian territory, including east Jerusalem",EMRO,2004,CatchUp,MEASLES,7/1/04,,9-60 M,NATIONAL,Done,423000,415000,98,,NO,,NO,NO,,9/3/26 18:17
PSE,"occupied Palestinian territory, including east Jerusalem",EMRO,2019,Campaign,MMR,2019,,6 M-1 Y,SUBNATIONAL,Done,29516,25948,88,,NO,,NO,NO,and helath workers,9/3/26 18:17
PYF,French Polynesia,WPRO,2001,FollowUp,MEASLES,9/1/01,,12-59 M,NATIONAL,Done,,,,,NO,,NO,NO,,9/3/26 18:17
QAT,Qatar,EMRO,2000,CatchUp,MR,2/1/00,,6-16 Y,NATIONAL,Done,85175,80065,94,,NO,,NO,NO,NA,9/3/26 18:17
QAT,Qatar,EMRO,2007,FollowUp,MMR,9/1/07,9/30/07,12-59 M,NATIONAL,Done,35000,32437,93,,NO,,NO,NO,NA,9/3/26 18:17
QAT,Qatar,EMRO,2016,FollowUp,MMR,10/17/16,11/14/16,1-13 Y,NATIONAL,Done,191000,166145,87,,NO,,NO,NO,,9/3/26 18:17
QAT,Qatar,EMRO,2024,Campaign,M_MMR,11/3/24,3/31/25,Other,NATIONAL,Done,7903347,4933033,62.4,,,,,,,9/3/26 18:17
ROU,Romania,EURO,2010,Campaign,MEASLES,2010,,7 M-7 Y,SUBNATIONAL,Done,,2919,,,NO,,NO,NO,,9/3/26 18:17
ROU,Romania,EURO,2011,FILLIN,MEASLES,1/1/11,7/1/11,7 M-7 Y,SUBNATIONAL,Done,,4500,,,NO,,NO,NO,,9/3/26 18:17
ROU,Romania,EURO,2011,FILLIN,RCV,12/1/11,,School-age,SUBNATIONAL,Done,,2951,,,NO,,NO,NO,,9/3/26 18:17
ROU,Romania,EURO,2016,CatchUp,MMR,12/1/16,12/31/16,9-11 M,NATIONAL,Done,278902,105219,38,,NO,,NO,NO,,9/3/26 18:17
ROU,Romania,EURO,2017,CatchUp,MMR,1/1/17,,9-11 M,NATIONAL,Done,326309,97958,30,,NO,,NO,NO,,9/3/26 18:17
ROU,Romania,EURO,2019,CatchUp,MMR,2019,,9-11 M,NATIONAL,Done,,103104,,,NO,,NO,NO,,9/3/26 18:17
ROU,Romania,EURO,2023,OR,MMR,12/6/23,,9 M-15 Y,NATIONAL,Done,,117521,,,,,,,,9/3/26 18:17
RUS,Russian Federation,EURO,2004,CatchUp,MEASLES,2004,,18-35 Y,UNKNOWN,Done,9626809,2010937,20.9,,NO,,NO,NO,unknown,9/3/26 18:17
RUS,Russian Federation,EURO,2005,CatchUp,MEASLES,2005,,18-35 Y,NATIONAL,Done,6636599,3384665,51,,NO,,NO,NO,,9/3/26 18:17
RUS,Russian Federation,EURO,2008,CatchUp,MEASLES,2008,,18-35 Y,NATIONAL,Done,990000,995913,101,,NO,,NO,NO,,9/3/26 18:17
RUS,Russian Federation,EURO,2014,MopUp,MEASLES,2014,,15-17 Y,SUBNATIONAL,Done,12613,8060,64,,NO,,NO,NO,,9/3/26 18:17
RUS,Russian Federation,EURO,2014,MopUp,MEASLES,5/1/14,,15-17 Y,SUBNATIONAL,Done,103331,100713,97,,NO,,NO,NO,,9/3/26 18:17
RUS,Russian Federation,EURO,2019,Campaign,MEASLES,4/1/19,12/31/19,children and adults,SUBNATIONAL,Done,1000000,1100000,110,,NO,,NO,NO,"1.1 million people, including Children - 168000",9/3/26 18:17
RUS,Russian Federation,EURO,2020,Campaign,MEASLES,1/1/20,12/31/20,Adults,NATIONAL,Done,310560,169523,54.6,,NO,,NO,NO,,9/3/26 18:17
RUS,Russian Federation,EURO,2023,MopUp,MEASLES,4/4/23,12/29/23,Other,NATIONAL,Done,1763369,1422344,80.66,,,,,,,9/3/26 18:17
RUS,Russian Federation,EURO,2024,CatchUp-SIA,MEASLES,1/1/24,12/31/24,Other,NATIONAL,Done,842021,787765,93.56,,,,,,,9/3/26 18:17
RUS,Russian Federation,EURO,2025,CatchUp-SIA,MEASLES,1/1/25,12/31/25,Other,NATIONAL,Done,1334827,1274382,95.47,polio,,,,,,9/3/26 18:17
RUS,Russian Federation,EURO,2026,CatchUp-SIA,MCV,2026-01,,Other,NATIONAL,Planned,431517,,,polio,,,,,,9/3/26 18:17
RWA,Rwanda,AFRO,2003,CatchUp,MEASLES,2/10/03,2/23/03,9 M-14 Y,NATIONAL,Done,3055264,3082583,101,,NO,,NO,NO,,9/3/26 18:17
RWA,Rwanda,AFRO,2006,FollowUp,MEASLES,9/5/06,9/9/06,9-59 M,NATIONAL,Done,1296197,1380870,107,,NO,,NO,NO,,9/3/26 18:17
RWA,Rwanda,AFRO,2009,FollowUp,MEASLES,10/6/09,10/10/09,9-59 M,NATIONAL,Done,1333910,1350125,101,,NO,,NO,NO,,9/3/26 18:17
RWA,Rwanda,AFRO,2013,CatchUp,MR,3/12/13,3/15/13,9 M-14 Y,NATIONAL,Done,4278528,4391081,103,,YES,98,YES,NO,,9/3/26 18:17
RWA,Rwanda,AFRO,2017,Campaign,MR,3/13/17,3/18/17,9-15 Y,SUBNATIONAL,Done,95587,93893,98,,NO,,NO,NO,,9/3/26 18:17
RWA,Rwanda,AFRO,2017,FollowUp,MR,10/9/17,10/13/17,9-59 M,NATIONAL,Done,1478541,1508834,102,VitA; deworming,YES,97,YES,YES,"Other interventions Vit. A, screening for malnutrition, deworming",9/3/26 18:17
RWA,Rwanda,AFRO,2024,FollowUp,MR,6/3/24,6/7/24,9-72 M,NATIONAL,Done,1185036,1086648,91.7,,YES,95.3,YES,NO,,9/3/26 18:17
SAU,Saudi Arabia,EMRO,2000,CatchUp,MMR,2/1/00,,6-13 Y,SUBNATIONAL,Done,2496613,2421715,97,,NO,,NO,NO,NA,9/3/26 18:17
SAU,Saudi Arabia,EMRO,2004,FollowUp,MMR,4/24/04,,6-8 Y,NATIONAL,Done,1114203,1079431,97,,NO,,NO,NO,NA,9/3/26 18:17
SAU,Saudi Arabia,EMRO,2007,CatchUp,MEASLES,10/1/07,,6 M-18 Y,NATIONAL,Done,7011743,6887885,98,,NO,,NO,NO,,9/3/26 18:17
SAU,Saudi Arabia,EMRO,2011,CatchUp,MMR,9/17/11,9/29/11,6-18 Y,NATIONAL,Done,5039232,4900677,97,,NO,,NO,NO,1st Stage,9/3/26 18:17
SAU,Saudi Arabia,EMRO,2011,FollowUp,MMR,12/3/11,12/31/11,9 M-6 Y,NATIONAL,Done,3456758,3369639,97,,NO,,NO,NO,2nd Stage,9/3/26 18:17
SAU,Saudi Arabia,EMRO,2015,FollowUp,MMR,10/18/15,1/31/16,6-18 Y,NATIONAL,Done,5830465,,,,NO,,NO,NO,ongoing,9/3/26 18:17
SAU,Saudi Arabia,EMRO,2020,FollowUp,MMR,10/4/20,12/20/20,1-30 Y,SUBNATIONAL,Done,152013,148548,98,,NO,,NO,NO,,9/3/26 18:17
SAU,Saudi Arabia,EMRO,2024,Campaign,M_MMR,11/3/24,3/31/25,Other,NATIONAL,Done,7903347,4933033,62.4,,,,,,,9/3/26 18:17
SCG,Serbia & Montenegro,EURO,2003,CatchUp,MR,10/6/03,10/16/03,1-15 Y,SUBNATIONAL,Done,493061,491749,99.7,,NO,,NO,NO,Kosovo,9/3/26 18:17
SCG,Serbia & Montenegro,EURO,2005,VACWEEK,MMR,5/1/05,,1-7 Y,SUBNATIONAL,Done,1185,988,83.4,,NO,,NO,NO,Montenegro,9/3/26 18:17
SDN,Sudan,EMRO,2003,CatchUp,MEASLES,7/1/03,,6 M-14 Y,Rollover-National,Done,1591216,1495743,94,,NO,,NO,NO,4 northern states,9/3/26 18:17
SDN,Sudan,EMRO,2004,CatchUp,MEASLES,1/12/04,1/23/04,9 M-15 Y,Rollover-National,Done,1450368,1438302,99,,NO,,NO,NO,NORTH - 1st phase,9/3/26 18:17
SDN,Sudan,EMRO,2004,CatchUp,MEASLES,6/12/04,6/22/04,9 M-15 Y,Rollover-National,Done,2839625,2687231,94.6,,NO,,NO,NO,NORTH - 2nd phase,9/3/26 18:17
SDN,Sudan,EMRO,2004,CatchUp,MEASLES,11/1/04,12/17/04,6 M-14 Y,Rollover-National,Done,558092,385332,69,,NO,,NO,NO,SOUTH - pilot - 2 counties with TT,9/3/26 18:17
SDN,Sudan,EMRO,2004,CatchUp,MEASLES,12/8/04,,9 M-15 Y,Rollover-National,Done,4033093,4020091,99.7,,NO,,NO,NO,NORTH - 3rd phase,9/3/26 18:17
SDN,Sudan,EMRO,2005,CatchUp,MEASLES,2005,,6 M-14 Y,Rollover-National,Done,476461,362577,76,,NO,,NO,NO,,9/3/26 18:17
SDN,Sudan,EMRO,2005,CatchUp,MEASLES,7/1/05,,9 M-15 Y,Rollover-National,Done,2651043,2503900,94,,NO,,NO,NO,NORTH - 4th phase 2 states,9/3/26 18:17
SDN,Sudan,EMRO,2005,FollowUp,MEASLES,11/1/05,,9-59 M,SUBNATIONAL,Done,1559319,1491612,96,,NO,,NO,NO,North West and South Dafur,9/3/26 18:17
SDN,Sudan,EMRO,2006,CatchUp,MEASLES,10/1/06,11/30/06,6 M-14 Y,Rollover-National,Done,4292970,3230497,75,,NO,,NO,NO,south: 39 counties,9/3/26 18:17
SDN,Sudan,EMRO,2006,CatchUp,MEASLES,12/1/06,12/31/06,6 M-14 Y,Rollover-National,Done,1922261,1514216,79,,NO,,NO,NO,,9/3/26 18:17
SDN,Sudan,EMRO,2007,CatchUp,MEASLES,2/1/07,7/31/07,6 M-14 Y,Rollover-National,Done,2370709,1698058,72,,NO,,NO,NO,Southern Sudan,9/3/26 18:17
SDN,Sudan,EMRO,2007,FollowUp,MEASLES,10/4/07,10/9/07,9-59 M,Rollover-National,Done,1551955,1491612,96,,NO,,NO,NO,"Phase I 6 states: Khartoum, Kassala, Red Sea, Algadarief, Northern and River Nile",9/3/26 18:17
SDN,Sudan,EMRO,2008,CatchUp,MEASLES,5/1/08,,6 M-14 Y,SUBNATIONAL,Done,181411,150619,83,,NO,,NO,NO,South Sudan,9/3/26 18:17
SDN,Sudan,EMRO,2008,FollowUp,MEASLES,5/20/08,5/25/08,9-59 M,Rollover-National,Done,2826106,2728011,97,,NO,,NO,NO,"Second Phase  targeting 5 States: Khartoum, N. Darfor, S. Darfor, W. Darfor, Whitenile: Phase 2",9/3/26 18:17
SDN,Sudan,EMRO,2008,FollowUp,MEASLES,8/1/08,,9 M-5 Y,SUBNATIONAL,Done,151382,142511,94,,NO,,NO,NO,South Sudan,9/3/26 18:17
SDN,Sudan,EMRO,2010,FollowUp,MEASLES,10/9/10,10/14/10,9-59 M,SUBNATIONAL,Done,2187679,2076757,94,,NO,,NO,NO,North Sudan Sub-National (Gedarif; Kassala; Red Sea; River nile; Khartoum; northern),9/3/26 18:17
SDN,Sudan,EMRO,2010,MopUp,MEASLES,3/20/10,3/25/10,9-59 M,SUBNATIONAL,Done,323051,314512,97,,NO,,NO,NO,North Sudan,9/3/26 18:17
SDN,Sudan,EMRO,2011,FollowUp,MEASLES,3/26/11,3/31/11,9-59 M,SUBNATIONAL,Done,969807,1020921,100,,NO,,NO,YES,Sudan North,9/3/26 18:17
SDN,Sudan,EMRO,2011,FollowUp,MEASLES,5/14/11,5/19/11,9-59 M,SUBNATIONAL,Done,1467982,1456371,99,,NO,,NO,YES,,9/3/26 18:17
SDN,Sudan,EMRO,2011,FollowUp,MEASLES,6/4/11,6/9/11,9-59 M,SUBNATIONAL,Done,1494248,1451137,97,,NO,,NO,YES,,9/3/26 18:17
SDN,Sudan,EMRO,2011,OR,MEASLES,3/26/11,3/31/11,9 M-15 Y,SUBNATIONAL,Done,95029,64063,67,,NO,,NO,NO,Sudan North MARCH MEASLES OUTBREAK,9/3/26 18:17
SDN,Sudan,EMRO,2011,OR,MEASLES,7/25/11,7/29/11,9-59 M,SUBNATIONAL,Done,88724,68994,78,,NO,,NO,NO,,9/3/26 18:17
SDN,Sudan,EMRO,2012,FollowUp,MEASLES,2/1/12,,6-59 M,SUBNATIONAL,Done,355786,,,,NO,,NO,NO,,9/3/26 18:17
SDN,Sudan,EMRO,2013,CatchUp,MEASLES,11/24/13,12/4/13,9 M-15 Y,NATIONAL,Done,15295790,14976050,98,,NO,,NO,NO,,9/3/26 18:17
SDN,Sudan,EMRO,2015,OR,MEASLES,1/20/15,1/24/15,6 M-15 Y,SUBNATIONAL,Done,1070113,1026990,96,,NO,,NO,YES,,9/3/26 18:17
SDN,Sudan,EMRO,2015,OR,MEASLES,3/25/15,4/3/15,6 M-30 Y,SUBNATIONAL,Done,94099,78866,84,,NO,,NO,YES,,9/3/26 18:17
SDN,Sudan,EMRO,2015,OR,MEASLES,4/22/15,5/1/15,6 M-15 Y,SUBNATIONAL,Done,1698104,1716997,101,,NO,,NO,YES,,9/3/26 18:17
SDN,Sudan,EMRO,2015,OR,MEASLES,6/21/15,6/30/15,6 M-15 Y,SUBNATIONAL,Done,3534863,3541601,100,,NO,,NO,YES,,9/3/26 18:17
SDN,Sudan,EMRO,2015,OR,MEASLES,7/27/15,8/3/15,6 M-60 Y,SUBNATIONAL,Done,85363,60467,71,,NO,,NO,YES,,9/3/26 18:17
SDN,Sudan,EMRO,2015,OR,MEASLES,11/16/15,11/22/15,6 M-15 Y,SUBNATIONAL,Done,3042899,3078800,101,,NO,,NO,NO,,9/3/26 18:17
SDN,Sudan,EMRO,2016,OR,MEASLES,5/7/16,5/30/16,6 M-15 Y,NATIONAL,Done,4339808,4383506,101,,NO,,NO,NO,,9/3/26 18:17
SDN,Sudan,EMRO,2017,Campaign,MEASLES,1/30/17,2/4/17,9 M-15 Y,SUBNATIONAL,Done,2025142,2066281,102,,NO,,NO,NO,Gezira state,9/3/26 18:17
SDN,Sudan,EMRO,2017,Campaign,MEASLES,3/20/17,3/24/17,6 M->15 Y,SUBNATIONAL,Done,75016,73680,98,,NO,,NO,NO,SKO state (miming area ),9/3/26 18:17
SDN,Sudan,EMRO,2017,Campaign,MEASLES,4/1/17,,>15 Y,SUBNATIONAL,Done,19100,19043,99.7,,NO,,NO,NO,River nile state (miming area),9/3/26 18:17
SDN,Sudan,EMRO,2019,FollowUp,MEASLES,4/1/19,7/30/19,9 M-10 Y,NATIONAL,Done,13281330,13027700,98,,NO,,NO,NO,,9/3/26 18:17
SDN,Sudan,EMRO,2022,Campaign,MEASLES,2022,,6 M-10 Y,SUBNATIONAL,Done,695017,,,,,,,,South Darfur,9/3/26 18:17
SDN,Sudan,EMRO,2023,CatchUp,MR,2023,,<5 Y,NATIONAL,Done,,45514,,VitA; deworming,NO,,NO,NO,,9/3/26 18:17
SDN,Sudan,EMRO,2023,OR,MEASLES,8/24/23,8/29/23,9-59 M,SUBNATIONAL,Done,53695,59712,111.21,,,,,,Municipality/district,9/3/26 18:17
SDN,Sudan,EMRO,2024,CatchUp,MR,1/22/24,1/27/24,9 M-15 Y,NATIONAL,Done,6729320,6851121,101.8,,,,,,,9/3/26 18:17
SDN,Sudan,EMRO,2024,CatchUp,MR,12/22/24,12/31/24,9 M-15 Y,NATIONAL,Done,1320189,1271660,96.32,,,,,,,9/3/26 18:17
SDN,Sudan,EMRO,2025,CatchUp-SIA,MR,2/20/25,2/25/25,9-59 M,SUBNATIONAL,Done,538902,525265,97.5,,,,,,Municipality/District,9/3/26 18:17
SDN,Sudan,EMRO,2025,CatchUp-SIA,MR,5/15/25,5/20/25,9-59 M,SUBNATIONAL,Done,541480,548673,101.3,,,,,,,9/3/26 18:17
SDN,Sudan,EMRO,2025,CatchUp-SIA,MR,12/22/25,12/27/25,9-59 M,SUBNATIONAL,Done,3175257,2841726,89.5,,,,,,,9/3/26 18:17
SDN,Sudan,EMRO,2026,CatchUp-SIA,MR,2026-04,,0-59 M,SUBNATIONAL,Planned,1400000,,,,,,,,,9/3/26 18:17
SDN,Sudan,EMRO,2026,CatchUp-SIA,MR,2026-05,,0-59 M,SUBNATIONAL,Planned,634833,,,,,,,,,9/3/26 18:17
SEN,Senegal,AFRO,2003,CatchUp,MEASLES,1/15/03,1/24/04,9 M-14 Y,NATIONAL,Done,4953140,4854077,98,,NO,,NO,NO,,9/3/26 18:17
SEN,Senegal,AFRO,2006,FollowUp,MEASLES,10/30/06,11/5/06,9-59 M,NATIONAL,Done,1843665,1833931,99,,NO,,NO,NO,,9/3/26 18:17
SEN,Senegal,AFRO,2010,FollowUp,MEASLES,3/16/10,3/20/10,6-59 M,NATIONAL,Done,312162,253663,81,,NO,,NO,NO,,9/3/26 18:17
SEN,Senegal,AFRO,2010,FollowUp,MEASLES,11/19/10,11/25/10,9-59 M,NATIONAL,Done,2094794,,,,NO,,NO,NO,,9/3/26 18:17
SEN,Senegal,AFRO,2013,CatchUp,MR,11/18/13,11/27/13,9 M-14 Y,NATIONAL,Done,6013830,6097123,101,,YES,97,YES,NO,,9/3/26 18:17
SEN,Senegal,AFRO,2017,FollowUp,MR,11/20/17,11/26/17,9-59 M,NATIONAL,Done,2074305,2226482,107,,YES,91,NO,YES,,9/3/26 18:17
SEN,Senegal,AFRO,2021,FollowUp,MR,11/25/21,11/28/21,9-59 M,SUBNATIONAL,Done,213662,224177,104.9,,NO,,NO,NO,,9/3/26 18:17
SEN,Senegal,AFRO,2024,FollowUp,MR,12/2/24,12/11/24,9 M- 14 Y,NATIONAL,Done,7369266,7288225,98.9,,YES,90.4,YES,,,9/3/26 18:17
SLB,Solomon Islands,WPRO,2001,FollowUp,MEASLES,9/1/01,,12-59 M,NATIONAL,Done,,,,,NO,,NO,NO,,9/3/26 18:17
SLB,Solomon Islands,WPRO,2006,FollowUp,MEASLES,3/1/06,8/1/06,1-4 Y,NATIONAL,Done,61858,60137,97,,NO,,NO,NO,,9/3/26 18:17
SLB,Solomon Islands,WPRO,2009,FollowUp,MEASLES,9/21/09,10/16/09,12-48 M,NATIONAL,Done,66340,60025,90,,NO,,NO,NO,,9/3/26 18:17
SLB,Solomon Islands,WPRO,2012,CatchUp,MR,6/1/12,8/1/12,12-59 M,NATIONAL,Done,67160,67832,101,,NO,,NO,YES,,9/3/26 18:17
SLB,Solomon Islands,WPRO,2014,CatchUp,MR,9/1/14,12/19/14,6 M-29 Y,NATIONAL,Done,376286,394584,105,,NO,,NO,YES,,9/3/26 18:17
SLB,Solomon Islands,WPRO,2019,FollowUp,MR,9/1/19,,6-71 M,SUBNATIONAL,Done,88916,88138,99,,NO,,NO,NO,,9/3/26 18:17
SLB,Solomon Islands,WPRO,2021,CatchUp,MR,10/18/21,11/5/21,<2 Y,SUBNATIONAL,Done,1703,345,20,,NO,,NO,NO,,9/3/26 18:17
SLB,Solomon Islands,WPRO,2023,Campaign,MR,9/11/23,11/30/23,6-59 M,Rollover-National,Done,75686,71449,94.4,,,,,,,9/3/26 18:17
SLE,Sierra Leone,AFRO,2003,CatchUp,MEASLES,10/28/03,11/30/03,9 M-14 Y,NATIONAL,Done,2599098,2404882,92.5,,NO,,NO,NO,,9/3/26 18:17
SLE,Sierra Leone,AFRO,2006,FollowUp,MEASLES,11/20/06,11/26/06,9-59 M,NATIONAL,Done,748209,751107,100,,NO,,NO,NO,,9/3/26 18:17
SLE,Sierra Leone,AFRO,2009,FollowUp,MEASLES,11/24/09,11/29/09,9-59 M,NATIONAL,Done,824364,829842,101,,NO,,NO,NO,,9/3/26 18:17
SLE,Sierra Leone,AFRO,2012,FollowUp,MEASLES,5/24/12,5/31/12,9-59 M,NATIONAL,Done,1155401,1179605,102,,YES,91,YES,YES,,9/3/26 18:17
SLE,Sierra Leone,AFRO,2015,CatchUp,MEASLES,6/5/15,6/10/15,9-59 M,NATIONAL,Done,1240601,1205865,97,Polio,YES,69,YES,YES,,9/3/26 18:17
SLE,Sierra Leone,AFRO,2015,CatchUp,MEASLES,11/26/15,11/30/15,15-23 M,NATIONAL,Done,216789,201399,93,,NO,,NO,NO,,9/3/26 18:17
SLE,Sierra Leone,AFRO,2016,OR,MEASLES,4/25/16,5/1/16,6 M-14 Y,NATIONAL,Done,2862393,2863287,100,,NO,,NO,NO,,9/3/26 18:17
SLE,Sierra Leone,AFRO,2018,OR,MEASLES,7/3/18,7/8/18,6 M-15 Y,SUBNATIONAL,Done,187707,197111,105,,NO,,NO,NO,,9/3/26 18:17
SLE,Sierra Leone,AFRO,2019,CatchUp,MR,6/10/19,6/16/19,9 M-14 Y,NATIONAL,Done,3033444,2991405,98.6,bOPV; deworming; VitA,YES,93,YES,NO,,9/3/26 18:17
SLE,Sierra Leone,AFRO,2019,OR,MEASLES,1/19/19,1/25/19,6 M-15 Y,SUBNATIONAL,Done,320284,311614,97.2,,NO,,NO,NO,,9/3/26 18:17
SLE,Sierra Leone,AFRO,2022,Defaulter Tracing,M_MR,6/25/22,6/28/22,9-59 M,SUBNATIONAL,Done,79359,14448,18.21,,,,,,,9/3/26 18:17
SLE,Sierra Leone,AFRO,2022,Ring vaccination,M_MR,6/25/22,6/28/22,9-79 M,SUBNATIONAL,Done,98817,20358,20.6,,,,,,,9/3/26 18:17
SLE,Sierra Leone,AFRO,2023,OR,M_MR,8/16/23,8/19/23,9-59 M,SUBNATIONAL,Done,295031,264353,89.6,,,,,,,9/3/26 18:17
SLE,Sierra Leone,AFRO,2024,FollowUp,MR,7/26/24,8/1/24,9-59 M,NATIONAL,Done,1349038,1339671,99,,YES,92.3,YES,NO,,9/3/26 18:17
SLV,El Salvador,AMRO,2001,FollowUp,MEASLES,1/1/01,,1-4 Y,NATIONAL,Done,636802,624066,98,,NO,,NO,NO,,9/3/26 18:17
SLV,El Salvador,AMRO,2004,SpeedUp,MR,4/1/04,5/1/04,15-39 Y,NATIONAL,Done,2824637,2796391,99,,NO,,NO,NO,,9/3/26 18:17
SLV,El Salvador,AMRO,2005,CatchUp,MR,4/24/05,4/30/05,5 Y,NATIONAL,Done,95950,97584,101,,NO,,NO,NO,,9/3/26 18:17
SLV,El Salvador,AMRO,2006,FollowUp,MR,4/1/06,,5 Y,NATIONAL,Done,15000,,,,NO,,NO,NO,,9/3/26 18:17
SLV,El Salvador,AMRO,2007,FollowUp,MR,6/15/07,7/31/07,1-6 Y,NATIONAL,Done,711358,701041,98.5,,NO,,NO,NO,unknown Boys & girls targeted,9/3/26 18:17
SLV,El Salvador,AMRO,2008,SpeedUp,MR,4/19/08,4/26/08,12-18 Y,NATIONAL,Done,911034,893523,98.1,,NO,,NO,NO,,9/3/26 18:17
SLV,El Salvador,AMRO,2012,FollowUp,MMR,5/4/12,6/3/12,4 Y,NATIONAL,Done,118624,112759,95,,NO,,NO,NO,,9/3/26 18:17
SLV,El Salvador,AMRO,2015,Campaign,MMR,2015,,12 Y,UNKNOWN,Done,127791,117833,92.2,,NO,,NO,NO,,9/3/26 18:17
SLV,El Salvador,AMRO,2016,Campaign,MMR,2016,,12 Y,,Done,127791,117883,92,,NO,,NO,NO,,9/3/26 18:17
SLV,El Salvador,AMRO,2022,Campaign,MMR,7/11/22,12/31/22,1 -<5 Y,,Done,520006,473026,90.97,,,,,,,9/3/26 18:17
SLV,El Salvador,AMRO,2026,Campaign,MMR,2026-04,,6-11 M,NATIONAL,Planned,30104,,,,,,,,,9/3/26 18:17
SOM,Somalia,EMRO,2002,MopUp,MEASLES,8/1/02,,0-59 M,SUBNATIONAL,Done,,,,,NO,,NO,NO,unknown,9/3/26 18:17
SOM,Somalia,EMRO,2005,CatchUp,MEASLES,11/1/05,12/1/05,9 M-15 Y,Rollover-National,Done,384725,319321,83,,NO,,NO,NO,"NW, NE & 1 region CSZ: Somaliland, Bakool, Putland, Awdal",9/3/26 18:17
SOM,Somalia,EMRO,2006,CatchUp,MEASLES,5/1/06,5/31/06,9 M-15 Y,Rollover-National,Done,2266917,2019717,89,,NO,,NO,NO,South and central,9/3/26 18:17
SOM,Somalia,EMRO,2007,CatchUp,MEASLES,2/8/07,9/25/07,9 M-15 Y,Rollover-National,Done,3191161,2774178,87,,NO,,NO,NO,"Wanle Weyne, Afgoy, Awdegley, Mahas",9/3/26 18:17
SOM,Somalia,EMRO,2008,Campaign,MEASLES,3/1/08,,9 M-15 Y,SUBNATIONAL,Done,150000,142654,95,,NO,,NO,NO,,9/3/26 18:17
SOM,Somalia,EMRO,2008,Campaign,MEASLES,12/1/08,,9 M-15 Y,SUBNATIONAL,Done,238355,138205,58,,NO,,NO,NO,,9/3/26 18:17
SOM,Somalia,EMRO,2009,FollowUp,MEASLES,1/1/09,5/31/09,9-59 M,NATIONAL,Done,1483134,909687,85,,NO,,NO,NO,North East Zone & North West Zone,9/3/26 18:17
SOM,Somalia,EMRO,2009,FollowUp,MEASLES,7/1/09,1/31/10,9-59 M,NATIONAL,Done,1117384,835927,82,,NO,,NO,NO,"Sub-national, Somaliland (Awdal, Galbeed, Sahel, Togdhere, Sool, Sanag)",9/3/26 18:17
SOM,Somalia,EMRO,2010,FollowUp,MEASLES,1/1/10,6/1/10,9-59 M,NATIONAL,Done,1562336,1335892,85.5,,NO,,NO,YES,"Somaliland & Puntland, South and Central Zone",9/3/26 18:17
SOM,Somalia,EMRO,2011,FollowUp,MEASLES,7/1/11,,9-59 M,SUBNATIONAL,Done,380911,323986,85,,NO,,NO,NO,Somaliland - CHD 1st Round,9/3/26 18:17
SOM,Somalia,EMRO,2011,FollowUp,MEASLES,7/1/11,,9-59 M,SUBNATIONAL,Done,169414,151279,89,,NO,,NO,NO,Puntland - CHD 1st Round,9/3/26 18:17
SOM,Somalia,EMRO,2011,MopUp,MEASLES,4/1/11,4/28/11,9-59 M,SUBNATIONAL,Done,,2924,,,NO,,NO,NO,Garow,9/3/26 18:17
SOM,Somalia,EMRO,2011,MopUp,MEASLES,7/1/11,7/31/11,6 M-15 Y,SUBNATIONAL,Done,90000,71653,80,,NO,,NO,NO,Mogadishu,9/3/26 18:17
SOM,Somalia,EMRO,2011,MopUp,MEASLES,8/1/11,8/31/11,6 M-15 Y,SUBNATIONAL,Done,745234,656226,88,,NO,,NO,NO,Central Zone Mogadishu,9/3/26 18:17
SOM,Somalia,EMRO,2011,MopUp,MEASLES,9/1/11,9/1/11,6 M-15 Y,SUBNATIONAL,Done,86373,74300,86,,NO,,NO,NO,South Zone Gedo Mop up emergency,9/3/26 18:17
SOM,Somalia,EMRO,2011,MopUp,MEASLES,10/1/11,11/1/11,6 M-14 Y,SUBNATIONAL,Done,672054,626625,93,,NO,,NO,NO,Mopup Emergency  Mogadishu 14 out of 16 districts,9/3/26 18:17
SOM,Somalia,EMRO,2011,OR,MEASLES,8/1/11,11/1/11,6 M-14 Y,SUBNATIONAL,Done,2971382,1056287,36,,NO,,NO,NO,Emergency Response Vaccination,9/3/26 18:17
SOM,Somalia,EMRO,2012,CHD,MEASLES,2/1/12,5/1/12,<5 Y,SUBNATIONAL,Done,1012879,886033,87,,NO,,NO,NO,Round 1,9/3/26 18:17
SOM,Somalia,EMRO,2012,CHD,MEASLES,10/1/12,11/30/12,6-59 M,SUBNATIONAL,Done,959424,872230,91,,NO,,NO,YES,Round 2,9/3/26 18:17
SOM,Somalia,EMRO,2013,CHD,MEASLES,12/22/13,12/27/13,<5 Y,SUBNATIONAL,Done,1029870,923580,90,polio,NO,,NO,NO,,9/3/26 18:17
SOM,Somalia,EMRO,2014,FollowUp,MEASLES,10/11/14,11/1/14,9-59 M,SUBNATIONAL,Done,1483574,1306426,88,,NO,,NO,NO,"Mogadishu 11 - 15 Oct
Puntland 28 Oct - 1 Nov",9/3/26 18:17
SOM,Somalia,EMRO,2015,FollowUp,MEASLES,11/15/15,1/4/16,9 M-9 Y,SUBNATIONAL,Done,3884554,3518358,91,,NO,,NO,YES,,9/3/26 18:17
SOM,Somalia,EMRO,2016,CHD,MEASLES,8/20/16,8/23/16,9-59 M,NATIONAL,Done,,602136,89,,NO,,NO,NO,,9/3/26 18:17
SOM,Somalia,EMRO,2016,OR,MEASLES,12/16/16,,9-59 M,SUBNATIONAL,Done,,140533,74.3,,NO,,NO,NO,Integrated with VitA,9/3/26 18:17
SOM,Somalia,EMRO,2017,Campaign,MEASLES,5/1/17,,6 M-5 Y,SUBNATIONAL,Done,503812,472033,94,,NO,,NO,NO,,9/3/26 18:17
SOM,Somalia,EMRO,2017,FollowUp,MEASLES,1/1/17,3/31/17,6-59 M,NATIONAL,Done,4700000,4400000,94,,NO,,NO,NO,,9/3/26 18:17
SOM,Somalia,EMRO,2018,Campaign,MEASLES,1/2/18,1/6/18,6 M-10 Y,NATIONAL,Done,4745484,4424261,93,VitA,NO,,NO,NO,and from 11 to 22 March,9/3/26 18:17
SOM,Somalia,EMRO,2019,FollowUp,MEASLES,11/24/19,11/28/19,6-59 M,SUBNATIONAL,Done,1149117,1061064,92,"bOPV, deworming; VitA",NO,,NO,NO,Integrative campaign (71 districts from SC zone) and from 1 to 5 December,9/3/26 18:17
SOM,Somalia,EMRO,2020,FollowUp,MEASLES,3/23/20,4/10/20,0-5 Y,SUBNATIONAL,Done,1165782,1133945,97.2,bOPV; VitA; deworming,NO,,NO,NO,,9/3/26 18:17
SOM,Somalia,EMRO,2020,FollowUp,MEASLES,8/30/20,9/4/20,0-5 Y,SUBNATIONAL,Done,489924,462192,94.3,bOPV; VitA; deworming,NO,,NO,NO,,9/3/26 18:17
SOM,Somalia,EMRO,2022,FollowUp,MEASLES,11/22/22,11/27/22,6-59 M,SUBNATIONAL,Done,2566955,2311076,90,,NO,,NO,NO,,9/3/26 18:17
SOM,Somalia,EMRO,2025,FollowUp,MEASLES,5/18/25,5/29/25,6-59 M,SUBNATIONAL,Done,3767207,3323329,88,PCV; Rota; OPV,YES,73,YES,,"Phase 1 was conducted from May 18th to May 22nd, 2025, targeting five South-Central states. Phase 2 occurred in the Puntland and Somaliland from May 25th to May 29th, 2025.",9/3/26 18:17
SOM,Somalia,EMRO,2027,CatchUp,MR,2027,,9 M-10 Y,NATIONAL,Planned,4838321,,,,,,,,,9/3/26 18:17
SSD,South Sudan,AFRO,2008,CatchUp,MEASLES,5/30/08,6/8/08,6 M-14 Y,SUBNATIONAL,Done,200821,132282,66,,NO,,NO,NO,"Ayod, Pochalla & Mayom counties",9/3/26 18:17
SSD,South Sudan,AFRO,2011,FollowUp,MEASLES,8/8/11,9/22/11,6 M-14 Y,SUBNATIONAL,Done,201485,186459,93,,NO,,NO,YES,2 Counties in NBG (Aweil Center & Aweil East),9/3/26 18:17
SSD,South Sudan,AFRO,2011,FollowUp,MEASLES,8/8/11,9/22/11,6-59 M,SUBNATIONAL,Done,662856,453167,68,,NO,,NO,YES,"5 states: UNL, UNI, WAR, WBG & 3 Counties in NBG (Aweil South, Aweil West & Aweil North)",9/3/26 18:17
SSD,South Sudan,AFRO,2012,FollowUp,MEASLES,1/1/12,4/30/12,6-59 M,NATIONAL,Done,1892279,1708418,90,,NO,,NO,NO,"2 states: Eastern Equatoria, Western Equatoria plus uncoverd areas in Warrap, Unity, Upper Nile and Western Bahr El Ghazal states",9/3/26 18:17
SSD,South Sudan,AFRO,2013,OR,MEASLES,7/1/13,4/28/13,6-59 M,SUBNATIONAL,Done,317804,300325,94.5,,NO,,NO,NO,,9/3/26 18:17
SSD,South Sudan,AFRO,2014,FollowUp,MEASLES,4/21/14,4/28/14,6-59 M,NATIONAL,Done,1402839,1715139,122,VitA,NO,,NO,YES,,9/3/26 18:17
SSD,South Sudan,AFRO,2014,FollowUp,MEASLES,8/1/14,12/31/14,6 M-15 Y,SUBNATIONAL,Done,2267527,431653,19,VitA; deworming,NO,,NO,NO,,9/3/26 18:17
SSD,South Sudan,AFRO,2015,Campaign,MEASLES,8/24/15,8/29/15,6 M-15 Y,SUBNATIONAL,Done,51832,43931,85,,NO,,NO,NO,,9/3/26 18:17
SSD,South Sudan,AFRO,2015,Campaign,MEASLES,10/7/15,10/16/15,6-59 M,SUBNATIONAL,Done,10226,12169,119,,NO,,NO,NO,,9/3/26 18:17
SSD,South Sudan,AFRO,2015,FollowUp,MEASLES,1/1/15,3/31/15,6 M-15 Y,SUBNATIONAL,Done,1156407,558946,48,,NO,,NO,NO,,9/3/26 18:17
SSD,South Sudan,AFRO,2015,FollowUp,MEASLES,4/7/15,4/14/15,6 M-15 Y,SUBNATIONAL,Done,149697,88074,59,,NO,,NO,NO,,9/3/26 18:17
SSD,South Sudan,AFRO,2016,OR,MEASLES,2/1/16,,6-180 M,SUBNATIONAL,Done,17064,12822,75,,NO,,NO,NO,,9/3/26 18:17
SSD,South Sudan,AFRO,2016,OR,MEASLES,2/21/16,2/26/16,6-59 M,SUBNATIONAL,Done,100196,95787,96,,NO,,NO,NO,,9/3/26 18:17
SSD,South Sudan,AFRO,2016,OR,MEASLES,3/14/16,3/28/16,6-59 M,SUBNATIONAL,Done,26092,44447,170,,NO,,NO,NO,,9/3/26 18:17
SSD,South Sudan,AFRO,2016,OR,MEASLES,4/5/16,4/11/16,6-59 M,SUBNATIONAL,Done,42000,38132,91,,NO,,NO,NO,,9/3/26 18:17
SSD,South Sudan,AFRO,2016,OR,MEASLES,5/24/16,5/28/16,6-59 M,SUBNATIONAL,Done,18967,22129,117,,NO,,NO,NO,,9/3/26 18:17
SSD,South Sudan,AFRO,2016,OR,MEASLES,10/10/16,10/29/16,6-59 M,SUBNATIONAL,Done,87500,118748,136,,NO,,NO,NO,,9/3/26 18:17
SSD,South Sudan,AFRO,2016,OR,MEASLES,11/20/16,11/26/16,6-180 M,SUBNATIONAL,Done,18000,18041,100,,NO,,NO,NO,,9/3/26 18:17
SSD,South Sudan,AFRO,2017,FollowUp,MEASLES,5/3/17,4/30/18,6-59 M,NATIONAL,Done,2312658,1950955,84,VitA; OPV; deworming,NO,,NO,YES,,9/3/26 18:17
SSD,South Sudan,AFRO,2019,OR,MEASLES,4/1/19,,6 M-14 Y,SUBNATIONAL,Done,47328,13965,29.5,,NO,,NO,NO,,9/3/26 18:17
SSD,South Sudan,AFRO,2019,OR,MEASLES,5/1/19,,6-59 M,SUBNATIONAL,Done,106109,,52.3,,NO,,NO,NO,,9/3/26 18:17
SSD,South Sudan,AFRO,2019,OR,MEASLES,6/24/19,,6-59 M,SUBNATIONAL,Done,16680,14870,89,,NO,,NO,NO,,9/3/26 18:17
SSD,South Sudan,AFRO,2019,OR,MEASLES,6/24/19,,6-59 M,SUBNATIONAL,Done,48904,44400,90.8,,NO,,NO,NO,,9/3/26 18:17
SSD,South Sudan,AFRO,2019,OR,MEASLES,6/24/19,,6-59 M,SUBNATIONAL,Done,41696,26477,63.5,,NO,,NO,NO,,9/3/26 18:17
SSD,South Sudan,AFRO,2019,OR,MEASLES,6/24/19,,6-59 M,SUBNATIONAL,Done,20915,20496,98,,NO,,NO,NO,,9/3/26 18:17
SSD,South Sudan,AFRO,2019,OR,MEASLES,6/24/19,,6-59 M,SUBNATIONAL,Done,27166,24218,89.1,,NO,,NO,NO,,9/3/26 18:17
SSD,South Sudan,AFRO,2019,OR,MEASLES,6/24/19,,6-59 M,SUBNATIONAL,Done,16893,12602,74.6,,NO,,NO,NO,,9/3/26 18:17
SSD,South Sudan,AFRO,2019,OR,MEASLES,10/7/19,,6 M-14 Y,SUBNATIONAL,Done,3286,2375,72.3,,NO,,NO,NO,,9/3/26 18:17
SSD,South Sudan,AFRO,2019,OR,MEASLES,11/4/19,,6-59 M,SUBNATIONAL,Done,30903,29667,96,,NO,,NO,NO,,9/3/26 18:17
SSD,South Sudan,AFRO,2019,OR,MEASLES,11/4/19,,6-59 M,SUBNATIONAL,Done,60435,55842,92.4,,NO,,NO,NO,,9/3/26 18:17
SSD,South Sudan,AFRO,2020,FollowUp,MEASLES,2/1/20,3/1/20,6-59 M,Rollover-National,Done,1929561,1759279,91.2,VitA; deworming,NO,,NO,NO,Phase 1 (rollover or subnational?),9/3/26 18:17
SSD,South Sudan,AFRO,2020,FollowUp,MEASLES,11/1/20,12/1/20,6-59 M,Rollover-National,Done,230059,188987,82.1,VitA; deworming,NO,,NO,NO,phase 2,9/3/26 18:17
SSD,South Sudan,AFRO,2021,OR,MEASLES,10/21/21,,6-59 M,SUBNATIONAL,Done,30000,15300,51,,NO,,NO,NO,,9/3/26 18:17
SSD,South Sudan,AFRO,2023,FollowUp,MEASLES,4/26/23,5/14/23,6-59 M,NATIONAL,Done,2597415,2383771,91.8,VitA,,,,,,9/3/26 18:17
SSD,South Sudan,AFRO,2023,OR,MEASLES,7/1/23,12/1/23,6 M-15 Y,SUBNATIONAL,Done,1052842,1004230,95,,,,,,,9/3/26 18:17
SSD,South Sudan,AFRO,2024,CaseResponse,MEASLES,2/1/24,3/1/24,6-59 M,SUBNATIONAL,Done,129731,138884,107.06,,,,,,,9/3/26 18:17
SSD,South Sudan,AFRO,2024,CaseResponse,MEASLES,4/25/24,5/4/24,6-59 M,SUBNATIONAL,Done,274710,236284,86,,,,,,,9/3/26 18:17
SSD,South Sudan,AFRO,2024,CaseResponse,MEASLES,5/7/24,6/1/24,6-59 M,SUBNATIONAL,Done,181389,168976,93.16,,,,,,,9/3/26 18:17
SSD,South Sudan,AFRO,2024,CaseResponse,MEASLES,8/1/24,10/1/24,6 M-15 Y,SUBNATIONAL,Done,494958,448952,90.71,,,,,,,9/3/26 18:17
SSD,South Sudan,AFRO,2025,FollowUp,MEASLES,4/24/25,5/31/25,6-59 M,NATIONAL,Done,3005470,2694200,89.64,,,,,,,9/3/26 18:17
SSD,South Sudan,AFRO,2025,OR,MEASLES,10/15/25,10/19/25,6-59 M,SUBNATIONAL,Done,18311,13563,74.07,,,,,,,9/3/26 18:17
SSD,South Sudan,AFRO,2027,FollowUp,MEASLES,2027,,9-59 M,NATIONAL,Planned,1485839,,,,,,,,,9/3/26 18:17
STP,Sao Tome and Principe,AFRO,2007,CatchUp,MEASLES,12/3/07,12/7/07,9 M-14 Y,NATIONAL,Done,64081,64487,101,,NO,,NO,NO,,9/3/26 18:17
STP,Sao Tome and Principe,AFRO,2012,FollowUp,MEASLES,7/23/12,7/27/12,9-59 M,NATIONAL,Done,21380,22528,105,,NO,,NO,YES,,9/3/26 18:17
STP,Sao Tome and Principe,AFRO,2016,CatchUp,MR,12/5/16,12/10/16,9 M-14 Y,NATIONAL,Done,72449,77285,107,,NO,,NO,YES,,9/3/26 18:17
SUR,Suriname,AMRO,2005,FollowUp,MR,4/1/05,,1-6 Y,NATIONAL,Done,36000,30600,86,,NO,,NO,NO,NA,9/3/26 18:17
SUR,Suriname,AMRO,2007,FollowUp,MMR,4/1/07,,1-5 Y,SUBNATIONAL,Done,4683,1143,24,,NO,,NO,NO,unknown,9/3/26 18:17
SUR,Suriname,AMRO,2017,MopUp,MMR,11/1/17,12/31/17,unknown,SUBNATIONAL,Done,,105,,YF; Penta; DPT; Polio; DTA; DTP; HepB,NO,,NO,NO,,9/3/26 18:17
SUR,Suriname,AMRO,2019,Campaign,MMR,5/1/19,,port heath workers,SUBNATIONAL,Done,2000,921,46.05,,NO,,NO,NO,,9/3/26 18:17
SVK,Slovakia,EURO,2003,MopUp,MMR,2003,,unknown,SUBNATIONAL,Done,,132,,,NO,,NO,NO,refugees,9/3/26 18:17
SWZ,Eswatini,AFRO,2002,FollowUp,MEASLES,6/19/02,6/21/02,9-59 M,NATIONAL,Done,157381,127829,81,,NO,,NO,NO,,9/3/26 18:17
SWZ,Eswatini,AFRO,2006,FollowUp,MEASLES,7/12/06,7/14/06,9-59 M,NATIONAL,Done,153504,140143,91,vitA; deworming,YES,88,YES,YES,,9/3/26 18:17
SWZ,Eswatini,AFRO,2009,FollowUp,MEASLES,7/17/09,7/20/09,9-47 M,NATIONAL,Done,91124,87592,96,,NO,,NO,NO,,9/3/26 18:17
SWZ,Eswatini,AFRO,2010,FollowUp,MEASLES,10/27/10,11/5/10,9-59 M,NATIONAL,Done,125845,112740,90,,NO,,NO,YES,,9/3/26 18:17
SWZ,Eswatini,AFRO,2013,FollowUp,MEASLES,6/11/13,6/15/13,6-59 M,NATIONAL,Done,122434,119207,97,,YES,91,YES,NO,,9/3/26 18:17
SWZ,Eswatini,AFRO,2016,CatchUp,MR,6/27/16,7/8/16,9 M-14 Y,NATIONAL,Done,412874,373508,90,VitA; deworming,YES,94,NO,YES,"integrated with Vit A (6-59 mths); Albendazole 12-59 months
Pending Shiselweni Region Fixed sites data",9/3/26 18:17
SWZ,Eswatini,AFRO,2021,FollowUp,MR,6/7/21,6/16/21,6-59 M,NATIONAL,Done,129784,126122,97,VitA; deworming,NO,,NO,NO,,9/3/26 18:17
SWZ,Eswatini,AFRO,2025,FollowUp,MR,8/4/25,8/16/25,6-59 M,NATIONAL,Done,137110,126122,92,polio; vitA; deworming,NO,,NO,NO,,9/3/26 18:17
SYC,Seychelles,AFRO,2019,Campaign,MR,10/1/19,11/30/19,Health Care Workers,NATIONAL,Done,3500,1704,49,,NO,,NO,NO,,9/3/26 18:17
SYC,Seychelles,AFRO,2020,Campaign,MR,1/6/20,3/14/20,6 M+,NATIONAL,Done,,,,,NO,,NO,NO,data queried,9/3/26 18:17
SYC,Seychelles,AFRO,2020,Campaign,MR,7/5/20,9/30/20,6 M+,NATIONAL,Done,,,,,NO,,NO,NO,data queried,9/3/26 18:17
SYC,Seychelles,AFRO,2025,High risk Areas,M_MR,7/1/25,3/31/26,Risk groups,NATIONAL,Done,20000,4639,23.2,,,,,,High risk Areas,9/3/26 18:17
SYR,Syrian Arab Republic,EMRO,2003,CatchUp,MEASLES,1/1/03,,9 M-14 Y,SUBNATIONAL,Done,,386143,,,NO,,NO,NO,,9/3/26 18:17
SYR,Syrian Arab Republic,EMRO,2004,MopUp,MMR,10/1/04,,9-12 Y,SUBNATIONAL,Done,383669,324462,85,,NO,,NO,NO,1 round - school vaccination,9/3/26 18:17
SYR,Syrian Arab Republic,EMRO,2005,CatchUp,MMR,2005,,10 M-15 Y,UNKNOWN,Done,,14304,,,NO,,NO,NO,,9/3/26 18:17
SYR,Syrian Arab Republic,EMRO,2007,CatchUp,MMR,3/4/07,3/29/07,10-84 M,NATIONAL,Done,3066850,3172840,103,,NO,,NO,NO,,9/3/26 18:17
SYR,Syrian Arab Republic,EMRO,2007,CatchUp,MMR,10/16/07,11/15/07,8-10 Y,NATIONAL,Done,1649556,1610338,98,,NO,,NO,NO,,9/3/26 18:17
SYR,Syrian Arab Republic,EMRO,2008,FollowUp,MMR,9/1/08,12/1/08,11-15 Y,NATIONAL,Done,1618105,1610305,99.5,,NO,,NO,NO,,9/3/26 18:17
SYR,Syrian Arab Republic,EMRO,2009,Campaign,MMR,6/21/09,,<5 Y,SUBNATIONAL,Done,,15753,,,NO,,NO,NO,,9/3/26 18:17
SYR,Syrian Arab Republic,EMRO,2012,FollowUp,MMR,11/1/12,11/30/12,<5 Y,NATIONAL,Done,1280143,1267342,99,,NO,,NO,NO,,9/3/26 18:17
SYR,Syrian Arab Republic,EMRO,2013,CatchUp,MMR,4/1/13,4/30/13,6-10 Y,NATIONAL,Done,1100595,789678,72,,NO,,NO,NO,,9/3/26 18:17
SYR,Syrian Arab Republic,EMRO,2013,CatchUp,MMR,10/1/13,12/31/13,12-15 Y,NATIONAL,Done,828952,759427,92,,NO,,NO,NO,,9/3/26 18:17
SYR,Syrian Arab Republic,EMRO,2014,FollowUp,MMR,6/1/14,6/30/14,7 M-5 Y,NATIONAL,Done,1039740,766305,74,,NO,,NO,NO,,9/3/26 18:17
SYR,Syrian Arab Republic,EMRO,2015,FollowUp,MMR,4/19/15,4/30/15,6-59 M,NATIONAL,Done,2670937,1619630,61,,NO,,NO,YES,Vaccination week (Dropout retrieval),9/3/26 18:17
SYR,Syrian Arab Republic,EMRO,2016,MopUp,MR,3/28/16,4/9/16,9-59 M,SUBNATIONAL,Done,1022821,927820,91,,NO,,NO,NO,,9/3/26 18:17
SYR,Syrian Arab Republic,EMRO,2017,FollowUp,MEASLES,5/1/17,,7 M-5 Y,NATIONAL,Done,2466354,1779459,72,,NO,,NO,NO,,9/3/26 18:17
SYR,Syrian Arab Republic,EMRO,2017,FollowUp,MMR,9/1/17,,6-12 Y,NATIONAL,Done,3628770,2978998,82,,NO,,NO,NO,,9/3/26 18:17
SYR,Syrian Arab Republic,EMRO,2018,OR,MEASLES,10/1/18,,5-14 Y,SUBNATIONAL,Planned,11753950,,,,NO,,NO,NO,,9/3/26 18:17
SYR,Syrian Arab Republic,EMRO,2018,SNID,MEASLES,7/15/18,7/26/18,6-12 Y,SUBNATIONAL,Done,1323471,1142817,86,,NO,,NO,NO,,9/3/26 18:17
SYR,Syrian Arab Republic,EMRO,2018,SNID,MEASLES,9/16/18,9/27/18,6-12 Y,SUBNATIONAL,Done,1452293,1439848,99,,NO,,NO,NO,,9/3/26 18:17
SYR,Syrian Arab Republic,EMRO,2022,FollowUp,MR,10/10/22,11/8/22,6-59 M,NATIONAL,Done,2494498,1886439,75.62,polio,YES,80.7,YES,NO,,9/3/26 18:17
SYR,Syrian Arab Republic,EMRO,2022,OR,MR,9/19/22,,6-83 M,SUBNATIONAL,Done,535688,,,,,,,,,9/3/26 18:17
SYR,Syrian Arab Republic,EMRO,2023,OR,M_MR,2/19/23,2/23/23,0-48 M,SUBNATIONAL,Done,,104494,,,,,,,,9/3/26 18:17
SYR,Syrian Arab Republic,EMRO,2024,FollowUp,M_MR,7/21/24,7/25/24,0-59 M,NATIONAL,Done,665454,437953,65.81,,,,,,,9/3/26 18:17
SYR,Syrian Arab Republic,EMRO,2025,FollowUp,MR,10/12/25,10/23/25,6-59 M,NATIONAL,Done,2892610,2119356,73.27,all vaccines,,,,,,9/3/26 18:17
TCA,Turks and Caicos Islands,AMRO,2003,CatchUp,MEASLES,11/1/03,1/1/05,9 M-14 Y,Rollover-National,Done,11200000,,,,NO,,NO,NO,,9/3/26 18:17
TCA,Turks and Caicos Islands,AMRO,2003,CatchUp,MEASLES,12/8/03,12/26/03,6-14 Y,NATIONAL,Done,9887497,9569920,97,,NO,,NO,NO,school immunization days,9/3/26 18:17
TCA,Turks and Caicos Islands,AMRO,2004,CatchUp,MEASLES,10/1/04,10/15/04,9 M-6 Y,Rollover-National,Done,1258214,995946,79,,NO,,NO,NO,10 HR provinces (mostly south east),9/3/26 18:17
TCA,Turks and Caicos Islands,AMRO,2005,CatchUp,MEASLES,4/28/05,5/25/05,9 M-6 Y,Rollover-National,Done,8976587,8643075,96,,NO,,NO,NO,,9/3/26 18:17
TCA,Turks and Caicos Islands,AMRO,2017,Campaign,MMR,2/15/17,3/3/17,refugees,NATIONAL,Done,400000,85670,21,HepB; DTaP+IPV+Hib,NO,,NO,NO,Round 1,9/3/26 18:17
TCA,Turks and Caicos Islands,AMRO,2017,Campaign,MMR,5/3/17,5/18/17,refugees,NATIONAL,Done,400000,28908,7.227,HepB; DTaP+IPV+Hib,NO,,NO,NO,Round 2,9/3/26 18:17
TCA,Turks and Caicos Islands,AMRO,2017,Campaign,MMR,11/1/17,11/17/17,refugees,NATIONAL,Done,400000,28732,7.183,HepB; DTaP+IPV+Hib,NO,,NO,NO,Round 3,9/3/26 18:17
TCA,Turks and Caicos Islands,AMRO,2019,Campaign,MMR,2019,,9-11 M,NATIONAL,Done,300000,122287,41,,NO,,NO,NO,,9/3/26 18:17
TCA,Turks and Caicos Islands,AMRO,2019,Campaign,MMR,2019,,Airport workers,NATIONAL,Done,,7893,,,NO,,NO,NO,,9/3/26 18:17
TCA,Turks and Caicos Islands,AMRO,2019,CatchUp,MMR,2019,,Military (1980-91 cohorts),NATIONAL,Done,,167357,,,NO,,NO,NO,,9/3/26 18:17
TCA,Turks and Caicos Islands,AMRO,2019,CatchUp,MMR,2019,,HCW(1980-91 cohorts),NATIONAL,Done,,21296,,,NO,,NO,NO,,9/3/26 18:17
TCA,Turks and Caicos Islands,AMRO,2019,CatchUp,MMR,2019,,Tourism workers,SUBNATIONAL,Done,,6887,,,NO,,NO,NO,,9/3/26 18:17
TCA,Turks and Caicos Islands,AMRO,2025,VaccinationWeek,MMR,2025-04,,5-14 Y,NATIONAL,Planned,100,,,,,,,,,9/3/26 18:17
TCD,Chad,AFRO,2005,CatchUp,MEASLES,3/15/05,3/24/05,9 M-14 Y,Rollover-National,Done,303062,295344,97,,YES,,NO,YES,"4 Health Districts in Eastern Chad: Adré, Goz Beida, Iriba, Guéréda",9/3/26 18:17
TCD,Chad,AFRO,2005,CatchUp,MEASLES,9/26/05,10/5/05,9 M-14 Y,Rollover-National,Done,2056469,1643930,80,,NO,,NO,YES,19 districts  North of the country,9/3/26 18:17
TCD,Chad,AFRO,2006,CatchUp,MEASLES,1/16/06,1/25/06,9 M-15 Y,Rollover-National,Done,2712011,2735760,101,,YES,94,YES,YES,63% of country,9/3/26 18:17
TCD,Chad,AFRO,2009,FollowUp,MEASLES,1/26/09,1/31/09,9-59 M,Rollover-National,Done,77108,75380,98,,NO,,NO,NO,,9/3/26 18:17
TCD,Chad,AFRO,2009,FollowUp,MEASLES,3/5/09,3/10/09,9-59 M,Rollover-National,Done,1447501,1309694,90,,NO,,NO,NO,,9/3/26 18:17
TCD,Chad,AFRO,2009,FollowUp,MEASLES,3/14/09,3/19/09,9-59 M,Rollover-National,Done,443040,365074,82,,NO,,NO,NO,,9/3/26 18:17
TCD,Chad,AFRO,2012,FollowUp,MEASLES,1/16/12,1/23/12,6-59 M,NATIONAL,Done,2035373,2270772,111,,NO,,NO,YES,SIAs in 2 phases: 13 Regions 20-26 January. 9 Regions SIAs 27 Jan. to 2 Feb 2012,9/3/26 18:17
TCD,Chad,AFRO,2014,FollowUp,MEASLES,6/16/14,6/22/14,6 M-9 Y,SUBNATIONAL,Done,2465865,2549188,104,,YES,,YES,YES,1st phase,9/3/26 18:17
TCD,Chad,AFRO,2014,FollowUp,MEASLES,10/20/14,10/26/14,6 M-9 Y,SUBNATIONAL,Done,2311968,2349620,102,,YES,,YES,YES,2nd phase - 38 districts,9/3/26 18:17
TCD,Chad,AFRO,2016,FollowUp,MEASLES,5/25/16,5/31/16,9 M-14 Y,SUBNATIONAL,Done,418517,414392,99,,NO,,NO,NO,conducted in 7 districts,9/3/26 18:17
TCD,Chad,AFRO,2016,FollowUp,MEASLES,11/21/16,11/27/16,9-59 M,SUBNATIONAL,Done,2083306,2342341,112.4,,YES,,NO,YES,"Phase 1: 14 régions : Barh El Ghazal, Batha, Chari Baguirmi, Logone Occidental, Logone Oriental, Mandoul, Mayo kebbi Est, Mayo kebbi Ouest, Moyen Chari, N’Djamena, Tandjile, Kanem, Wadi Fira, Lac
JRF 2017 reached: 2337633
Coverage survey report pending",9/3/26 18:17
TCD,Chad,AFRO,2017,CatchUp,MEASLES,3/12/17,3/18/17,9-59 M,SUBNATIONAL,Done,693526,707103,102,,YES,82,YES,YES,Phase 2: 9 regions,9/3/26 18:17
TCD,Chad,AFRO,2018,OR,MEASLES,11/17/18,11/23/18,9 M-9 Y,SUBNATIONAL,Done,2415484,2421067,100,,YES,90,NO,YES,"Baher El Gazel, Borkou, Ennedi Est, Ennedi Ouest, Batha, Hadjer Lamis, Lac, Kanem, N’Djamena, Ouddai et Wadi Fira",9/3/26 18:17
TCD,Chad,AFRO,2019,OR,MEASLES,1/1/19,2/28/19,9 M-9 Y,SUBNATIONAL,Done,99882,106965,107.1,,YES,,YES,NO,Admin coverage all districts: 105% / Survey all districts: 90%,9/3/26 18:17
TCD,Chad,AFRO,2019,OR,MEASLES,4/9/19,4/15/19,6 M-9 Y,SUBNATIONAL,Done,618739,653535,105.6,,NO,,NO,NO,Admin coverage all districts: 105% / Survey all districts: 90%,9/3/26 18:17
TCD,Chad,AFRO,2019,OR,MEASLES,6/1/19,6/30/19,9 M-9 Y,SUBNATIONAL,Done,102144,95198,93.2,,YES,,YES,NO,Admin coverage all districts: 105% / Survey all districts: 90%,9/3/26 18:17
TCD,Chad,AFRO,2019,OR,MEASLES,6/26/19,7/31/19,9 M-9 Y,SUBNATIONAL,Done,113409,103543,91.3,,YES,,YES,NO,Admin coverage all districts: 105% / Survey all districts: 90%,9/3/26 18:17
TCD,Chad,AFRO,2019,OR,MEASLES,12/12/19,12/18/19,9 M-9 Y,SUBNATIONAL,Done,424728,467455,110.1,,YES,,YES,NO,Admin coverage all districts: 105% / Survey all districts: 90%,9/3/26 18:17
TCD,Chad,AFRO,2021,FollowUp,MEASLES,1/12/21,1/18/21,9-59 M,Rollover-National,Done,1792830,1950968,108.8,VitA; deworming,YES,82.8,YES,NO,Phase 1 of the national SIA with two phases in 66 districts in 10 provinces,9/3/26 18:17
TCD,Chad,AFRO,2021,FollowUp,MEASLES,3/22/21,3/28/21,9-59 M,Rollover-National,Done,1623518,1745337,107.5,VitA; deworming,YES,71.5,YES,NO,Bloc 2,9/3/26 18:17
TCD,Chad,AFRO,2022,Campaign,MEASLES,4/5/22,4/11/22,9-59 M,SUBNATIONAL,Done,426152,478171,112.21,,,,,,,9/3/26 18:17
TCD,Chad,AFRO,2022,Campaign,MEASLES,4/29/22,5/5/22,9-59 M,SUBNATIONAL,Done,73129,74596,102,,,,,,,9/3/26 18:17
TCD,Chad,AFRO,2023,FollowUp,MEASLES,12/5/23,12/11/23,6 M-14 Y,SUBNATIONAL,Done,1999072,2238889,112,,,,,,Phase 1: 85 priority districts (12 provinces),9/3/26 18:17
TCD,Chad,AFRO,2023,preventive,MEASLES,7/18/23,7/25/23,6 M-14 Y,SUBNATIONAL,Done,1343003,1228848,91.5,,,,,,3 provinces in the East & Refugees,9/3/26 18:17
TCD,Chad,AFRO,2024,FollowUp,MEASLES,2/13/24,2/19/24,9-59 M,Rollover-National,Done,1194143,1268962,106.3,YF,NO,,NO,NO,Phases 2: 63 districts,9/3/26 18:17
TCD,Chad,AFRO,2025,FollowUp,MEASLES,12/5/25,12/11/25,9-59 M,NATIONAL,Done,3772071,4473422,119,poilio; vitA; deworming,YES,84.1,YES,NO,,9/3/26 18:17
TCD,Chad,AFRO,2027,CatchUp,MR,2027,,9 M-10 Y,NATIONAL,Planned,4912660,,,,NO,,NO,NO,,9/3/26 18:17
TGO,Togo,AFRO,2001,CatchUp,MEASLES,12/17/01,1/3/02,9 M-14 Y,NATIONAL,Done,2425946,2393700,99,,NO,,NO,NO,,9/3/26 18:17
TGO,Togo,AFRO,2004,FollowUp,MEASLES,12/13/04,12/19/04,9-59 M,NATIONAL,Done,884253,887998,100,,YES,93,YES,NO,,9/3/26 18:17
TGO,Togo,AFRO,2008,FollowUp,MEASLES,1/15/08,1/21/08,9-59 M,NATIONAL,Done,929050,906692,98,,NO,,NO,NO,,9/3/26 18:17
TGO,Togo,AFRO,2010,FollowUp,MEASLES,11/23/10,11/29/10,9-47 M,NATIONAL,Done,880797,858592,97.5,,NO,,NO,YES,,9/3/26 18:17
TGO,Togo,AFRO,2013,FollowUp,MEASLES,11/25/13,12/1/13,9 M-9 Y,NATIONAL,Done,1704868,1641635,96,,NO,,NO,YES,,9/3/26 18:17
TGO,Togo,AFRO,2015,FollowUp,MEASLES,1/26/15,2/1/15,9 M-9 Y,SUBNATIONAL,Done,832159,820335,99,,NO,,NO,YES,Phase 2 - 2 regions,9/3/26 18:17
TGO,Togo,AFRO,2018,CatchUp,MR,2/12/18,2/18/18,9 M-14 Y,NATIONAL,Done,3424954,3365897,98,VitA; deworming; OPV; mosquito nets,YES,94,YES,YES,,9/3/26 18:17
TGO,Togo,AFRO,2022,FollowUp,MR,12/5/22,12/11/22,6-59 M,NATIONAL,Done,1480161,1400154,94.59,VitA; deworming,NO,,NO,NO,,9/3/26 18:17
TGO,Togo,AFRO,2025,FollowUp,MR,11/24/25,11/30/25,9 M-10 Y,NATIONAL,Done,2201427,2208853,100.34,VitA; deworming; BCU,,,,,,9/3/26 18:17
THA,Thailand,SEARO,2015,SIA,MR,5/1/15,9/30/15,2.5 - 7Y,NATIONAL,Done,2541544,2244906,88,,NO,,NO,YES,,9/3/26 18:17
THA,Thailand,SEARO,2018,CatchUp,MR_MMR,9/1/18,3/31/19,school children 7-12 Y,SUBNATIONAL,Done,416245,240184,58,,NO,,NO,NO,,9/3/26 18:17
THA,Thailand,SEARO,2018,CatchUp,MR_MMR,9/1/18,3/31/19,school children 1-7 Y,SUBNATIONAL,Done,286987,73744,26,,NO,,NO,NO,ongoing monitoring data,9/3/26 18:17
THA,Thailand,SEARO,2018,CatchUp,MR_MMR,9/1/18,3/31/19,9 M-15 Y,SUBNATIONAL,Done,47562,37415,79,,NO,,NO,NO,,9/3/26 18:17
THA,Thailand,SEARO,2020,MopUp,MR,5/1/20,,20-40 Y,NATIONAL,Done,,,,,NO,,NO,NO,"Adult between 20-40 Y (All military conscripts,All prisoners and health personnel and factory workers in 5 risk province)",9/3/26 18:17
THA,Thailand,SEARO,2021,Campaign,MR,4/1/21,9/30/21,20-40 Y,SUBNATIONAL,Done,384457,57602,15,,NO,,NO,NO,,9/3/26 18:17
THA,Thailand,SEARO,2022,MR campaign among adult risk group age 20-40 Y,M_MR,4/1/22,12/31/22,20-40 Y,SUBNATIONAL,Done,223730,45478,20.33,,,,,,,9/3/26 18:17
THA,Thailand,SEARO,2023,Campaign,M_MR,5/1/23,9/30/23,Risk groups,NATIONAL,Done,232754,125345,53.85,,NO,,NO,NO,,9/3/26 18:17
THA,Thailand,SEARO,2024,Campaign,M_MR,1/6/24,1/9/24,Risk groups,NATIONAL,Done,208430,132758,63.69,,,,,,,9/3/26 18:17
THA,Thailand,SEARO,2025,Campaign,M_MR,5/1/25,9/30/25,"Rick groups (HCW, University students, military conscripts, prisoners)",NATIONAL,Done,100000,,,,,,,,,9/3/26 18:17
TJK,Tajikistan,EURO,2004,CatchUp,MEASLES,9/27/04,10/10/04,1-14 Y,NATIONAL,Done,2932846,2893843,98,,NO,,NO,NO,"1-14 yrs, except in Sogd Oblast: 1-19 yrs + 50% 20-29 yrs",9/3/26 18:17
TJK,Tajikistan,EURO,2009,CatchUp,MR,9/28/09,10/12/09,1-14 Y,NATIONAL,Done,2334301,2298700,98.4,,NO,,NO,NO,,9/3/26 18:17
TJK,Tajikistan,EURO,2017,SIA,MR,5/15/17,5/26/17,1-9 Y,NATIONAL,Done,1969124,1938190,98.4,,NO,,NO,YES,outbreak reposnse to measles,9/3/26 18:17
TJK,Tajikistan,EURO,2022,OR,MEASLES,9/5/22,9/15/22,6 M- 15 Y,SUBNATIONAL,Done,422514,418365,99,,NO,,NO,NO,,9/3/26 18:17
TJK,Tajikistan,EURO,2023,OR,MEASLES,8/21/23,9/30/23,6 M-15 Y,NATIONAL,Done,2433923,2393474,98.338,,,,,YES,,9/3/26 18:17
TJK,Tajikistan,EURO,2025,NID,MEASLES,8/25/25,9/30/25,6-59 M,NATIONAL,Done,510882,502873,98.43,,,,,,,9/3/26 18:17
TJK,Tajikistan,EURO,2026,FollowUp,MR,2026-10,,9-59 M,SUBNATIONAL,Planned,818399,,,,NO,,NO,NO,,9/3/26 18:17
TKL,Tokelau,WPRO,2003,CatchUp,MMR,10/1/03,,unknown,NATIONAL,Done,854,838,98,,NO,,NO,NO,NA,9/3/26 18:17
TKM,Turkmenistan,EURO,2007,CatchUp,MR,11/12/07,11/25/07,7-40 Y,NATIONAL,Done,1671000,1623000,97,,NO,,NO,NO,,9/3/26 18:17
TKM,Turkmenistan,EURO,2017,MopUp,MMR,1/9/17,1/21/17,2-10 Y,NATIONAL,Done,888500,879993,99,,NO,,NO,NO,NDI (mopping up),9/3/26 18:17
TLS,Timor-Leste,SEARO,2003,CatchUp,MEASLES,10/1/03,,9-59 M,Rollover-National,Done,128318,127453,99,,NO,,NO,NO,,9/3/26 18:17
TLS,Timor-Leste,SEARO,2006,CatchUp,MEASLES,8/1/06,,6 M-15 Y,NATIONAL,Done,390687,157673,40,,NO,,NO,NO,,9/3/26 18:17
TLS,Timor-Leste,SEARO,2009,FollowUp,MEASLES,6/1/09,6/30/09,9-59 M,NATIONAL,Done,167136,126823,76,,NO,,NO,NO,,9/3/26 18:17
TLS,Timor-Leste,SEARO,2011,CatchUp,MEASLES,5/1/11,7/1/11,6 M-14 Y,NATIONAL,Done,494427,454209,92,,NO,,NO,NO,,9/3/26 18:17
TLS,Timor-Leste,SEARO,2015,CatchUp,MR,7/13/15,8/13/15,6 M-15 Y,NATIONAL,Done,501832,484850,97,,YES,95,YES,YES,,9/3/26 18:17
TLS,Timor-Leste,SEARO,2018,FollowUp,MR,7/2/18,7/14/18,9-59 M,NATIONAL,Done,140428,157171,112,OPV,YES,90,YES,YES,,9/3/26 18:17
TLS,Timor-Leste,SEARO,2023,CatchUp-SIA,MR,1/12/23,2/28/23,9-59 M,NATIONAL,Done,146621,150449,102.61,VitA; deworming,NO,,NO,NO,,9/3/26 18:17
TLS,Timor-Leste,SEARO,2027,FollowUp or CatchUp as per JRF?,M_MR,2027-07,,6-59 M,NATIONAL,Planned,174956,,,,,,,,,9/3/26 18:17
TON,Tonga,WPRO,2001,FollowUp,MEASLES,9/1/01,,12-59 M,NATIONAL,Done,,,,,NO,,NO,NO,,9/3/26 18:17
TON,Tonga,WPRO,2019,Campaign,MR,10/1/19,1/1/20,6 M-24 Y,NATIONAL,Done,58067,54590,94,,NO,,NO,NO,,9/3/26 18:17
TON,Tonga,WPRO,2020,Campaign,MR,1/1/20,6/30/20,6-11 M,SUBNATIONAL,Done,1786,1568,88,,NO,,NO,NO,zero-dose,9/3/26 18:17
TTO,Trinidad and Tobago,AMRO,2015,Campaign,MMR,4/1/15,,12 M-45 Y+,NATIONAL,Done,,918,,,NO,,NO,NO,Vaccination Week,9/3/26 18:17
TTO,Trinidad and Tobago,AMRO,2017,Campaign,MMR,4/1/17,,unknown,NATIONAL,Done,,402,,,NO,,NO,NO,Vaccination Week,9/3/26 18:17
TTO,Trinidad and Tobago,AMRO,2018,MopUp,MMR,2018,,1-10 Y,SUBNATIONAL,Done,5000,1376,27.52,,NO,,NO,NO,,9/3/26 18:17
TTO,Trinidad and Tobago,AMRO,2020,MopUp,MMR,4/25/20,,0-60 Y,NATIONAL,Done,,,,,NO,,NO,NO,,9/3/26 18:17
TTO,Trinidad and Tobago,AMRO,2022,MopUp,MMR,2022,,1-15 Y,SUBNATIONAL,Done,1000,674,,YF,NO,,NO,NO,,9/3/26 18:17
TUN,Tunisia,EMRO,2001,FollowUp,MEASLES,11/12/01,,9-59 M,Rollover-National,Done,547736,514900,94,,NO,,NO,NO,,9/3/26 18:17
TUN,Tunisia,EMRO,2002,FollowUp,MEASLES,7/1/02,,6-15 M,Rollover-National,Done,127689,126412,99,,NO,,NO,NO,,9/3/26 18:17
TUN,Tunisia,EMRO,2005,CatchUp,MR,3/1/05,4/30/05,13-18 Y,NATIONAL,Done,620000,562636,90.5,,NO,,NO,NO,girls,9/3/26 18:17
TUN,Tunisia,EMRO,2019,CatchUp,MR,11/25/19,12/7/19,12-71 M,NATIONAL,Done,39712,18430,46,,NO,,NO,NO,,9/3/26 18:17
TUN,Tunisia,EMRO,2019,OR,MR,4/13/19,4/28/19,6-11 M,NATIONAL,Done,98507,81493,83,,NO,,NO,NO,,9/3/26 18:17
TUN,Tunisia,EMRO,2022,Campaign,MR,1/3/22,1/31/22,26-38 Y,NATIONAL,Done,2200000,5079,0.23,,NO,,NO,NO,,9/3/26 18:17
TUV,Tuvalu,WPRO,2001,FollowUp,MEASLES,9/1/01,,12-59 M,NATIONAL,Done,,,,,NO,,NO,NO,,9/3/26 18:17
TUV,Tuvalu,WPRO,2005,UNDEFINED,MR,8/1/05,9/1/05,12 M-34 Y,NATIONAL,Done,5708,5469,96,,NO,,NO,NO,NA,9/3/26 18:17
TUV,Tuvalu,WPRO,2010,Campaign,MR,8/13/10,9/26/10,1-5 Y,NATIONAL,Done,1394,1095,78.6,VitA,NO,,NO,YES,,9/3/26 18:17
TZA,United Republic of Tanzania,AFRO,2000,FollowUp,MEASLES,9/23/00,,9-59 M,SUBNATIONAL,Done,2528071,2357956,93,,NO,,NO,NO,50/114 mainland districts only doing VitA & measles,9/3/26 18:17
TZA,United Republic of Tanzania,AFRO,2001,CatchUp,MEASLES,9/1/01,9/7/01,9 M-14 Y,Rollover-National,Done,3548012,3687390,104,,NO,,NO,NO,Zanzibar only,9/3/26 18:17
TZA,United Republic of Tanzania,AFRO,2002,CatchUp,MEASLES,10/19/02,11/5/02,7-14 Y,Rollover-National,Done,6951363,6739197,97,,NO,,NO,NO,"2/3 of country - 82 districts, 67% of country",9/3/26 18:17
TZA,United Republic of Tanzania,AFRO,2005,FollowUp,MEASLES,7/30/05,8/1/05,9-59 M,NATIONAL,Done,6425000,5783751,90,,NO,,NO,NO,,9/3/26 18:17
TZA,United Republic of Tanzania,AFRO,2006,MopUp,MEASLES,2006,,6 M-15 Y,NATIONAL,Done,882789,882789,100,,NO,,NO,NO,,9/3/26 18:17
TZA,United Republic of Tanzania,AFRO,2008,CatchUp,MEASLES,8/30/08,9/1/08,6 M-10 Y,SUBNATIONAL,Done,12300340,10826520,86,,NO,,NO,NO,Whole Mainland except 3 districts of Dar es Salaam6-59 months in Dar es Salaam,9/3/26 18:17
TZA,United Republic of Tanzania,AFRO,2011,FollowUp,MEASLES,11/12/11,11/13/11,9-59 M,NATIONAL,Done,6899251,6686663,96,,YES,92,YES,NO,,9/3/26 18:17
TZA,United Republic of Tanzania,AFRO,2014,CatchUp,MR,10/18/14,10/24/14,9 M-14 Y,NATIONAL,Done,21159130,20529630,97,,YES,,YES,YES,,9/3/26 18:17
TZA,United Republic of Tanzania,AFRO,2019,FollowUp,MR,9/26/19,10/21/19,9 M-5 Y,NATIONAL,Done,8082861,8889338,110,IPV,YES,88,YES,NO,26-30 Sept: Zanzibar + 17-21 Oct: in mainland,9/3/26 18:17
TZA,United Republic of Tanzania,AFRO,2020,OR,MR,2020,,6-11 M,SUBNATIONAL,Done,,,,VitA; deworming,NO,,NO,NO,,9/3/26 18:17
TZA,United Republic of Tanzania,AFRO,2024,FollowUp,MR,2/15/24,2/19/24,9-59 M,NATIONAL,Done,8908810,10164868,114.1,,YES,81.5,YES,,,9/3/26 18:17
UGA,Uganda,AFRO,2000,FollowUp,MEASLES,3/4/00,,9-59 M,SUBNATIONAL,Done,1596240,1218737,76,,NO,,NO,NO,14 districts,9/3/26 18:17
UGA,Uganda,AFRO,2000,FollowUp,MEASLES,10/14/00,,9-59 M,SUBNATIONAL,Done,1030490,957876,93,VitA; OPV,NO,,NO,NO,low performing districts; Kampala & Mpiji,9/3/26 18:17
UGA,Uganda,AFRO,2001,CatchUp,MEASLES,9/15/01,11/12/01,9 M-14 Y,SUBNATIONAL,Done,503904,614156,116,,NO,,NO,NO,10 districts with SNIDs (10 districts outside SNIDs),9/3/26 18:17
UGA,Uganda,AFRO,2003,CatchUp,MEASLES,10/15/03,10/19/03,6 M-14 Y,NATIONAL,Done,12861020,13457130,105,,NO,,NO,NO,,9/3/26 18:17
UGA,Uganda,AFRO,2005,MopUp,MEASLES,2/26/05,2/27/05,9-23 M,SUBNATIONAL,Done,389696,557869,151,,NO,,NO,NO,15 districts,9/3/26 18:17
UGA,Uganda,AFRO,2006,FollowUp,MEASLES,7/28/06,8/20/06,6-59 M,SUBNATIONAL,Done,5263090,5239221,99,,NO,,NO,NO,,9/3/26 18:17
UGA,Uganda,AFRO,2009,FollowUp,MEASLES,6/6/09,6/8/09,9-47 M,NATIONAL,Done,4699748,4893634,104,,YES,90,NO,NO,,9/3/26 18:17
UGA,Uganda,AFRO,2012,FollowUp,MEASLES,5/26/12,5/28/12,6-59 M,NATIONAL,Done,6314309,6283441,100,,YES,95,YES,NO,,9/3/26 18:17
UGA,Uganda,AFRO,2015,FollowUp,MEASLES,10/3/15,10/5/15,9-59 M,NATIONAL,Done,6658881,6349182,95,,YES,95,NO,YES,112 districts,9/3/26 18:17
UGA,Uganda,AFRO,2019,CatchUp,MR,10/16/19,10/22/19,9 M-14 Y,NATIONAL,Done,18200970,19432260,107,OPV,YES,94,YES,NO,,9/3/26 18:17
UGA,Uganda,AFRO,2022,FollowUp,M_MR,10/14/22,10/19/22,9-59 M,NATIONAL,Done,7015156,6608277,94.2,,NO,,NO,NO,,9/3/26 18:17
UGA,Uganda,AFRO,2025,OR,MR,3/31/25,12/31/25,6-59 M,SUBNATIONAL,Done,319776,257929,80.7,,,,,,,9/3/26 18:17
UGA,Uganda,AFRO,2026,FollowUp,MR,10/1/26,,9-59 M,NATIONAL,Planned,7864794,,,,,,,,,9/3/26 18:17
UKR,Ukraine,EURO,2008,CatchUp,MMR,5/1/08,,15-29 Y,NATIONAL,Done,8000000,113000,1,,NO,,NO,NO,NA,9/3/26 18:17
UKR,Ukraine,EURO,2017,MopUp,MMR,9/1/17,12/31/17,1-9 Y,NATIONAL,Done,287240,163782,57,,NO,,NO,NO,"mopping up immunization among children ""0"" doses",9/3/26 18:17
UKR,Ukraine,EURO,2017,MopUp,MMR,9/1/17,12/31/17,6-9 Y,NATIONAL,Done,231102,154430,67,,NO,,NO,NO,mopping up immunization among children with 1 dose,9/3/26 18:17
UKR,Ukraine,EURO,2018,Routine,MMR,7/1/18,1/31/20,6-18 Y,NATIONAL,Done,618756,462407,75,,NO,,NO,NO,,9/3/26 18:17
UKR,Ukraine,EURO,2018,Routine,MMR,7/1/18,1/31/20,1-18 Y,NATIONAL,Done,506232,387731,77,,NO,,NO,NO,,9/3/26 18:17
URY,Uruguay,AMRO,2003,FollowUp,MMR,2003,,12-48 M,NATIONAL,Done,206000,193640,94,,NO,,NO,NO,NA,9/3/26 18:17
URY,Uruguay,AMRO,2008,CatchUp,MR,9/1/08,10/1/08,16-39 Y,SUBNATIONAL,Done,85000,4371,5.1,,NO,,NO,NO,,9/3/26 18:17
UZB,Uzbekistan,EURO,2006,CatchUp,MR,12/1/06,12/15/06,10-29 Y,Rollover-National,Done,620000,620130,100,,NO,,NO,NO,Tashkent only,9/3/26 18:17
UZB,Uzbekistan,EURO,2007,CatchUp,MR,11/12/07,11/25/07,1-29 Y,Rollover-National,Done,8143635,8129804,99.8,,NO,,NO,NO,all but Taskent city,9/3/26 18:17
UZB,Uzbekistan,EURO,2011,CatchUp,MR,9/12/11,9/18/11,1-14 Y,NATIONAL,Done,7567010,7502957,99,,NO,,NO,YES,,9/3/26 18:17
UZB,Uzbekistan,EURO,2019,OR,MEASLES,4/1/19,5/30/19,6 M-1 Y,NATIONAL,Done,,99091,,,NO,,NO,NO,,9/3/26 18:17
UZB,Uzbekistan,EURO,2019,OR,MMR,4/1/19,5/30/19,1-14 Y,NATIONAL,Done,,80107,,,NO,,NO,NO,,9/3/26 18:17
UZB,Uzbekistan,EURO,2019,OR,MMR,4/1/19,5/30/19,Adults,NATIONAL,Done,,65464,,,NO,,NO,NO,,9/3/26 18:17
UZB,Uzbekistan,EURO,2020,Campaign,MEASLES,10/5/20,10/20/20,<5 Y,NATIONAL,Done,2075992,2019108,97.3,,NO,,NO,NO,,9/3/26 18:17
UZB,Uzbekistan,EURO,2020,Campaign,MR,2/10/20,2/29/20,<5 Y,SUBNATIONAL,Done,796508,705642,88.6,,NO,,NO,NO,,9/3/26 18:17
UZB,Uzbekistan,EURO,2022,Mass campaign,M_MR,11/2/22,12/2/22,0-5 Y,NATIONAL,Done,3731473,3731090,99.9897,,,,,,,9/3/26 18:17
UZB,Uzbekistan,EURO,2023,Case response,MEASLES,12/6/23,12/29/23,6-59 M,NATIONAL,Done,2636360,2574803,97.67,,,,,,,9/3/26 18:17
UZB,Uzbekistan,EURO,2024,CaseResponse,M_MR,1/3/24,12/29/24,6 M-15 Y,NATIONAL,Done,2237512,2236291,99.95,,,,,,,9/3/26 18:17
UZB,Uzbekistan,EURO,2025,Preventive,MEASLES,2025,,6 M-14 Y,NATIONAL,Done,1633230,1631209,99.9,,,,,,,9/3/26 18:17
UZB,Uzbekistan,EURO,2026,NID,MCV,2026-03,,,NATIONAL,Planned,945555,,,,,,,,,9/3/26 18:17
VCT,Saint Vincent and the Grenadines,AMRO,2016,MopUp,MMR,4/1/16,,4-5 Y,SUBNATIONAL,Done,20,20,100,,NO,,NO,NO,,9/3/26 18:17
VCT,Saint Vincent and the Grenadines,AMRO,2017,MopUp,MMR,4/1/17,,6-18 M,NATIONAL,Done,266,266,100,,NO,,NO,NO,,9/3/26 18:17
VEN,Venezuela (Bolivarian Republic of),AMRO,2001,FollowUp,MR,11/18/01,,12-48 M,NATIONAL,Done,,,93,,NO,,NO,NO,NA,9/3/26 18:17
VEN,Venezuela (Bolivarian Republic of),AMRO,2001,MopUp,MR,11/1/01,,6 M-15 Y,SUBNATIONAL,Done,,,98,,NO,,NO,NO,Falcon province,9/3/26 18:17
VEN,Venezuela (Bolivarian Republic of),AMRO,2002,CatchUp,MEASLES,4/1/02,,1-4 Y,NATIONAL,Done,15889000,15730110,99,,NO,,NO,NO,"6-11 mos, 5-14 yrs (national), 15 yrs and over (sub nat)",9/3/26 18:17
VEN,Venezuela (Bolivarian Republic of),AMRO,2003,MopUp,MEASLES,6/1/03,,2-15 Y,SUBNATIONAL,Done,521617,531933,102,,NO,,NO,NO,,9/3/26 18:17
VEN,Venezuela (Bolivarian Republic of),AMRO,2003,MopUp,MEASLES,6/1/03,,6-23 M,SUBNATIONAL,Done,329230,311582,95,,NO,,NO,NO,,9/3/26 18:17
VEN,Venezuela (Bolivarian Republic of),AMRO,2003,MopUp,MEASLES,6/1/03,,15 Y+,SUBNATIONAL,Done,1413963,1761908,54,,NO,,NO,NO,,9/3/26 18:17
VEN,Venezuela (Bolivarian Republic of),AMRO,2004,MopUp,MMR,4/24/04,,12-23 M,SUBNATIONAL,Done,43359,42830,98,,NO,,NO,NO,NA,9/3/26 18:17
VEN,Venezuela (Bolivarian Republic of),AMRO,2005,SpeedUp,MR,6/1/05,,12-17 Y,NATIONAL,Done,993000,853980,86,,NO,,NO,NO,NA,9/3/26 18:17
VEN,Venezuela (Bolivarian Republic of),AMRO,2006,FollowUp,MR,4/22/06,4/29/06,1-4 Y,NATIONAL,Done,9253759,9161221,99,,NO,,NO,NO,NA,9/3/26 18:17
VEN,Venezuela (Bolivarian Republic of),AMRO,2007,SpeedUp,MR,10/1/07,11/12/07,18-39 Y,SUBNATIONAL,Done,9600000,10278040,107,,NO,,NO,NO,unknown,9/3/26 18:17
VEN,Venezuela (Bolivarian Republic of),AMRO,2009,CatchUp,MMR,1/1/09,6/30/09,6-10 Y,NATIONAL,Done,2765983,1369829,50,,NO,,NO,NO,,9/3/26 18:17
VEN,Venezuela (Bolivarian Republic of),AMRO,2009,FollowUp,MMR,1/1/09,6/30/09,1-5 Y,NATIONAL,Done,719574,168940,23,,NO,,NO,NO,,9/3/26 18:17
VEN,Venezuela (Bolivarian Republic of),AMRO,2010,Campaign,MMR,4/24/10,5/29/10,2-5 Y,NATIONAL,Done,435600,54453,12,,NO,,NO,NO,,9/3/26 18:17
VEN,Venezuela (Bolivarian Republic of),AMRO,2012,Campaign,MMR,4/29/12,5/27/12,<1 Y,NATIONAL,Done,38240,68056,178,,NO,,NO,NO,,9/3/26 18:17
VEN,Venezuela (Bolivarian Republic of),AMRO,2013,Campaign,MMR,4/28/13,5/26/13,1-5 Y,NATIONAL,Done,63150,18991,30,,NO,,NO,NO,,9/3/26 18:17
VEN,Venezuela (Bolivarian Republic of),AMRO,2014,FollowUp,MMR,4/21/14,5/3/14,1-5 Y,NATIONAL,Done,2479348,2466543,99.48,,NO,,NO,NO,,9/3/26 18:17
VEN,Venezuela (Bolivarian Republic of),AMRO,2017,OR,MMR,7/1/17,,6 M-5 Y,SUBNATIONAL,Done,2998965,1013751,34,,NO,,NO,NO,Diphtheria outbreak response,9/3/26 18:17
VEN,Venezuela (Bolivarian Republic of),AMRO,2018,OR,MR,4/6/18,8/30/19,6 M-15 Y,NATIONAL,Done,8563040,8938005,104.4,,NO,,NO,NO,Response to measles outbreak,9/3/26 18:17
VEN,Venezuela (Bolivarian Republic of),AMRO,2022,FollowUp,MR,7/15/22,6/30/23,1-5 Y,NATIONAL,Done,2811860,2462692,87.58,,NO,,NO,NO,,9/3/26 18:17
VEN,Venezuela (Bolivarian Republic of),AMRO,2023,Campaign,MMR,1/8/23,8/30/23,1-6 Y,NATIONAL,Done,1485663,758402,51.05,Polio,,,,,,9/3/26 18:17
VGB,British Virgin Islands,AMRO,2019,Campaign,MMR,4/22/19,,unknown,SUBNATIONAL,Done,68,54,79,,NO,,NO,NO,With Diph/Tetanus during Vaccination Week,9/3/26 18:17
VNM,Viet Nam,WPRO,2001,CatchUp,MEASLES,10/1/01,,9 M-10 Y,SUBNATIONAL,Done,291821,288838,99,,NO,,NO,NO,single district in each 12 provinces in the North,9/3/26 18:17
VNM,Viet Nam,WPRO,2002,CatchUp,MEASLES,3/31/02,,9 M-10 Y,Rollover-National,Done,6729171,6684980,99,,NO,,NO,NO,28 Northern provinces,9/3/26 18:17
VNM,Viet Nam,WPRO,2003,CatchUp,MEASLES,3/18/03,4/10/03,9 M-10 Y,Rollover-National,Done,8532987,8641123,99,,NO,,NO,NO,33 southern provinces,9/3/26 18:17
VNM,Viet Nam,WPRO,2005,FollowUp,MEASLES,9/1/05,,6 Y,SUBNATIONAL,Done,26823,26731,99.6,,NO,,NO,NO,unknown,9/3/26 18:17
VNM,Viet Nam,WPRO,2005,MopUp,MEASLES,4/1/05,5/30/05,12-18 Y,SUBNATIONAL,Done,1627047,1544001,94.9,,NO,,NO,NO,,9/3/26 18:17
VNM,Viet Nam,WPRO,2007,CatchUp,MEASLES,11/1/07,2/29/08,1-20 Y,SUBNATIONAL,Done,3833349,3729848,97,,NO,,NO,NO,,9/3/26 18:17
VNM,Viet Nam,WPRO,2008,FollowUp,MEASLES,9/1/08,10/1/08,7-20 Y,SUBNATIONAL,Done,1036222,1008325,97,,NO,,NO,NO,5 mountainaous provinces in Central and Highland regions  3 quarter of year,9/3/26 18:17
VNM,Viet Nam,WPRO,2010,FollowUp,MEASLES,9/10/10,11/30/10,12-59 M,NATIONAL,Done,7292713,7034895,96,,NO,,NO,YES,all 63 provinces,9/3/26 18:17
VNM,Viet Nam,WPRO,2013,OR,MEASLES,4/1/13,12/31/13,1-15 Y,UNKNOWN,Done,174965,163870,94,,NO,,NO,NO,,9/3/26 18:17
VNM,Viet Nam,WPRO,2014,CatchUp,MR,9/15/14,5/15/15,1-14 Y,NATIONAL,Done,20095950,19735750,98,,NO,,NO,YES,Ongoing campaign from September 2014 to May 2015,9/3/26 18:17
VNM,Viet Nam,WPRO,2014,MopUp,MEASLES,2014,,9-24 M,NATIONAL,Done,929457,875386,94,,NO,,NO,NO,,9/3/26 18:17
VNM,Viet Nam,WPRO,2016,CatchUp,MR,2016,,16-17 Y,NATIONAL,Done,1883406,1787588,95,,NO,,NO,NO,,9/3/26 18:17
VNM,Viet Nam,WPRO,2018,Campaign,MR,9/1/18,,1-5 Y,SUBNATIONAL,Done,493217,464831,94,,NO,,NO,NO,13 provinces,9/3/26 18:17
VNM,Viet Nam,WPRO,2018,FollowUp,MR,9/1/18,,1-4 Y,SUBNATIONAL,Done,268408,259076,97,,NO,,NO,NO,6 provinces,9/3/26 18:17
VNM,Viet Nam,WPRO,2019,FollowUp,MR,2019,2019,1-5 Y,SUBNATIONAL,Done,2136501,2048835,96,,NO,,NO,NO,SIA in 57 province (phase 2) - 2018 -2019,9/3/26 18:17
VNM,Viet Nam,WPRO,2020,Campaign,MR,5/20/20,12/31/20,1-5 Y,SUBNATIONAL,Done,770987,733533,95,OPV,NO,,NO,NO,TBC due to covid-19,9/3/26 18:17
VNM,Viet Nam,WPRO,2022,Campaign,M_MR,3/1/22,7/31/22,1-5 Y,SUBNATIONAL,Done,499761,465432,93.13,,,,,,,9/3/26 18:17
VNM,Viet Nam,WPRO,2024,OR,M_MR,8/22/24,12/31/24,Other,Rollover-National,Done,1295499,1258151,97.12,,,,,,Municipality/district,9/3/26 18:17
VNM,Viet Nam,WPRO,2025,OR,MR,1/1/25,1/31/25,6 M-15 Y,NATIONAL,Done,265939,253978,95.5,,NO,,NO,NO,,9/3/26 18:17
VNM,Viet Nam,WPRO,2025,OR,MR,3/18/25,3/31/25,Other,NATIONAL,Done,805445,776880,96.5,,,,,,,9/3/26 18:17
VNM,Viet Nam,WPRO,2025,OR,MR,4/21/25,5/15/25,Other,NATIONAL,Done,1098750,496846,45.2,,,,,,,9/3/26 18:17
VUT,Vanuatu,WPRO,2001,FollowUp,MEASLES,9/1/01,,12-59 M,NATIONAL,Done,,,,,NO,,NO,NO,,9/3/26 18:17
VUT,Vanuatu,WPRO,2006,CatchUp,MEASLES,5/1/06,10/1/06,1-12 Y,NATIONAL,Done,79063,78296,99,,NO,,NO,NO,,9/3/26 18:17
VUT,Vanuatu,WPRO,2009,FollowUp,MEASLES,6/22/09,8/14/09,12-59 M,NATIONAL,Done,30689,29919,97.5,,NO,,NO,NO,,9/3/26 18:17
VUT,Vanuatu,WPRO,2013,CatchUp,MR,5/1/13,7/31/13,12-59 M,NATIONAL,Done,33096,33604,102,,NO,,NO,YES,,9/3/26 18:17
VUT,Vanuatu,WPRO,2015,CatchUp,MEASLES,4/1/15,5/1/15,6-59 M,SUBNATIONAL,Done,24826,24336,98,,NO,,NO,NO,Emergency Measles Vaccination,9/3/26 18:17
VUT,Vanuatu,WPRO,2015,CatchUp,MR,9/1/15,10/30/15,1-15 Y,NATIONAL,Done,100317,103676,103,"OPV, VitA, deworming",NO,,NO,YES,,9/3/26 18:17
VUT,Vanuatu,WPRO,2019,Campaign,MR,5/27/19,6/14/19,1-6 Y,SUBNATIONAL,Done,11388,9690,85,penta; Td,NO,,NO,NO,mass diphtheria campaign,9/3/26 18:17
VUT,Vanuatu,WPRO,2026,Campaign,MR,2026-08,,12-59 M,NATIONAL,Planned,39000,,,,NO,,NO,NO,,9/3/26 18:17
WSM,Samoa,WPRO,2001,FollowUp,MEASLES,9/1/01,,12-59 M,NATIONAL,Done,,,,,NO,,NO,NO,,9/3/26 18:17
WSM,Samoa,WPRO,2003,CatchUp,MR,11/17/03,12/12/03,1-18 Y,NATIONAL,Done,53965,47448,88,,NO,,NO,NO,NA,9/3/26 18:17
WSM,Samoa,WPRO,2008,Campaign,MR,6/1/08,6/30/08,12-59 M,NATIONAL,Done,25119,22864,91,,NO,,NO,NO,,9/3/26 18:17
WSM,Samoa,WPRO,2009,Campaign,MR,10/1/09,10/31/09,6-59 M,NATIONAL,Done,27748,21142,76,,NO,,NO,NO,,9/3/26 18:17
WSM,Samoa,WPRO,2017,Campaign,MR,10/30/17,11/17/17,1-12 Y,NATIONAL,Done,59931,57229,95,,NO,,NO,NO,,9/3/26 18:17
WSM,Samoa,WPRO,2019,Campaign,MR,11/1/19,12/31/19,6/12-50 Y,NATIONAL,Done,200879,187369,93,,NO,,NO,NO,,9/3/26 18:17
YEM,Yemen,EMRO,2001,CatchUp,MEASLES,6/1/01,,12-59 M,SUBNATIONAL,Done,2346227,2205453,94,,NO,,NO,NO,,9/3/26 18:17
YEM,Yemen,EMRO,2004,MopUp,MEASLES,5/1/04,9/30/04,9-12 M,SUBNATIONAL,Done,277590,116067,42,,NO,,NO,NO,pulse immunization,9/3/26 18:17
YEM,Yemen,EMRO,2005,CatchUp,MEASLES,12/1/05,,9 M-15 Y,SUBNATIONAL,Done,3200000,,,,NO,,NO,NO,(4 Governarates) one of three phases,9/3/26 18:17
YEM,Yemen,EMRO,2006,CatchUp,MEASLES,4/29/06,5/4/06,9 M-15 Y,Rollover-National,Done,9471417,9322918,98,,NO,,NO,NO,early 2006: rest of the country,9/3/26 18:17
YEM,Yemen,EMRO,2007,MopUp,MEASLES,12/1/07,,9 M-15 Y,SUBNATIONAL,Done,1422201,1291206,91,,NO,,NO,NO,,9/3/26 18:17
YEM,Yemen,EMRO,2009,FollowUp,MEASLES,12/12/09,12/17/09,9-5 Y,NATIONAL,Done,3387912,3246804,96,,NO,,NO,NO,,9/3/26 18:17
YEM,Yemen,EMRO,2009,MopUp,MEASLES,1/1/09,1/31/09,9 M-5 Y,NATIONAL,Done,671580,621671,93,,NO,,NO,NO,,9/3/26 18:17
YEM,Yemen,EMRO,2010,MopUp,MEASLES,1/1/10,7/31/10,<15 Y,SUBNATIONAL,Done,603043,455517,76,,NO,,NO,NO,,9/3/26 18:17
YEM,Yemen,EMRO,2011,MopUp,MEASLES,1/1/11,10/10/11,6 M-15 Y,SUBNATIONAL,Done,194104,113612,59,VitA; OPV,NO,,NO,YES,,9/3/26 18:17
YEM,Yemen,EMRO,2012,FollowUp,MEASLES,3/10/12,3/15/12,6 M-10 Y,NATIONAL,Done,8555257,7984779,93,,NO,,NO,YES,,9/3/26 18:17
YEM,Yemen,EMRO,2013,MopUp,MEASLES,6/1/13,7/31/13,6 M-10 Y,SUBNATIONAL,Done,304527,283687,93,,NO,,NO,NO,Sa'ada Governate,9/3/26 18:17
YEM,Yemen,EMRO,2014,CatchUp,MR,11/9/14,11/20/14,9 M-15 Y,NATIONAL,Done,12210080,11368970,93,,YES,91,YES,YES,SIA,9/3/26 18:17
YEM,Yemen,EMRO,2015,MopUp,MR,8/15/15,8/20/15,6 M-15 Y,SUBNATIONAL,Done,1863160,1590462,85,,NO,,NO,YES,"Sub National (Abayn, Al Baida, Al Jawf, Al Mahweet, Taiz, Hajjah, Shabwah, Sa’ada, Sana’a, Amran) governorates",9/3/26 18:17
YEM,Yemen,EMRO,2016,MopUp,MR,1/1/16,,6 M-15 Y,SUBNATIONAL,Done,2630358,2421243,92,,NO,,NO,NO,,9/3/26 18:17
YEM,Yemen,EMRO,2017,MopUp,MR,3/1/17,,6 M-15 Y,SUBNATIONAL,Done,501845,205731,41,,NO,,NO,NO,Mop up in 18 districts,9/3/26 18:17
YEM,Yemen,EMRO,2017,MopUp,MR,5/1/17,,6 M-15 Y,SUBNATIONAL,Done,165871,166654,100,,NO,,NO,NO,Mop up in 6 districts,9/3/26 18:17
YEM,Yemen,EMRO,2018,MopUp,MR,3/1/18,,6 M-10 Y,SUBNATIONAL,Done,671151,572961,85,,NO,,NO,NO,,9/3/26 18:17
YEM,Yemen,EMRO,2018,MopUp,MR,5/1/18,,6 M-15 Y,SUBNATIONAL,Done,400546,294452,74,,NO,,NO,NO,,9/3/26 18:17
YEM,Yemen,EMRO,2019,FollowUp,MR,2/9/19,2/14/19,9 M-14 Y,NATIONAL,Done,12900000,11959570,92.7,,YES,92,NO,YES,except Sa'adah,9/3/26 18:17
YEM,Yemen,EMRO,2021,OR,MEASLES,12/18/21,12/23/21,6-10 Y,SUBNATIONAL,Done,2037449,1444474,71,VitA; OPV,NO,,NO,NO,,9/3/26 18:17
YEM,Yemen,EMRO,2022,OR,M_MR,5/31/22,6/5/22,6-120 M,SUBNATIONAL,Done,1355142,1084113,80,,NO,,NO,NO,,9/3/26 18:17
YEM,Yemen,EMRO,2023,Campaign,MR,9/23/23,10/4/23,6-59 M,SUBNATIONAL,Done,1267083,1154919,91,VitA; covid-19,YES,84.2,YES,NO,1st round - southern governorates,9/3/26 18:17
YEM,Yemen,EMRO,2024,OR,M_MR,10/1/24,12/30/24,6-59 M,SUBNATIONAL,Done,846888,466648,55,,,,,,,9/3/26 18:17
YEM,Yemen,EMRO,2025,OR,M_MR,8/23/25,9/30/25,6-59 M,SUBNATIONAL,Done,3447982,2267733,66,,,,,,Health Emergency extensive reponse in 13 Northern governorates,9/3/26 18:17
YEM,Yemen,EMRO,2026,NID,MR,2026-06,,6-59 M,NATIONAL,Planned,5729260,,,,,,,,,9/3/26 18:17
YUG,Yugoslavia,,2004,MopUp,MMR,11/1/04,,1-7 Y,SUBNATIONAL,Done,1220,864,70.8,,NO,,NO,NO,Montenegro - vaccination week,9/3/26 18:17
YUG,Yugoslavia,,2004,MopUp,MMR,12/3/04,12/3/04,1-14 Y,SUBNATIONAL,Done,4530,2577,56.9,,NO,,NO,NO,Serbia,9/3/26 18:17
ZAF,South Africa,AFRO,2000,FollowUp,MEASLES,5/29/00,,9-59 M,NATIONAL,Done,3384890,3005319,89,,NO,,NO,NO,,9/3/26 18:17
ZAF,South Africa,AFRO,2004,FollowUp,MEASLES,7/26/04,7/30/04,9-59 M,NATIONAL,Done,3791127,3501447,92,,NO,,NO,NO,,9/3/26 18:17
ZAF,South Africa,AFRO,2005,FollowUp,MEASLES,4/18/05,5/31/05,9-59 M,SUBNATIONAL,Done,2674829,2273604,74,,NO,,NO,NO,,9/3/26 18:17
ZAF,South Africa,AFRO,2007,FollowUp,MEASLES,5/5/07,5/14/07,9-59 M,NATIONAL,Done,4349921,3880585,89,,NO,,NO,NO,,9/3/26 18:17
ZAF,South Africa,AFRO,2009,CatchUp,MEASLES,9/1/09,11/30/09,,SUBNATIONAL,Done,396114,304981,77,,NO,,NO,NO,5y - <20yrs in Tshwane District,9/3/26 18:17
ZAF,South Africa,AFRO,2009,CatchUp,MEASLES,10/12/09,11/30/09,,SUBNATIONAL,Done,2566587,2251305,88,,NO,,NO,NO,9m - <20yrs in 5 districts in Gauteng Province,9/3/26 18:17
ZAF,South Africa,AFRO,2009,FollowUp,MEASLES,5/1/09,5/30/09,9-59 M,SUBNATIONAL,Done,229514,8491,37,,NO,,NO,NO,Tshwane district,9/3/26 18:17
ZAF,South Africa,AFRO,2010,CatchUp,MEASLES,5/1/10,7/1/10,6 M-15 Y,NATIONAL,Done,14930510,14592720,98,,NO,,NO,NO,,9/3/26 18:17
ZAF,South Africa,AFRO,2013,FollowUp,MEASLES,4/29/13,5/17/13,6-59 M,NATIONAL,Done,4197882,4186192,99.7,,NO,,NO,YES,,9/3/26 18:17
ZAF,South Africa,AFRO,2017,FollowUp,MEASLES,6/12/17,6/30/17,6-59 M,NATIONAL,Done,5291796,4255588,80,,NO,,NO,NO,campaign report pending,9/3/26 18:17
ZAF,South Africa,AFRO,2017,SIA,MEASLES,6/12/17,6/30/17,5-14 Y,SUBNATIONAL,Done,1034726,846642,82,,NO,,NO,NO,,9/3/26 18:17
ZAF,South Africa,AFRO,2023,FollowUp,MEASLES,2/6/23,3/30/23,6 M-14 Y,SUBNATIONAL,Done,17700872,9593955,54.2,,NO,,NO,NO,,9/3/26 18:17
ZMB,Zambia,AFRO,2002,CatchUp,MEASLES,11/25/02,,6 M-15 Y,Rollover-National,Done,651330,729469,112,,NO,,NO,NO,1 province,9/3/26 18:17
ZMB,Zambia,AFRO,2003,CatchUp,MEASLES,6/7/03,6/13/03,6 M-15 Y,Rollover-National,Done,4600916,4955647,108,VitA; deworming,YES,96.9,YES,YES,8 provinces (rest of country),9/3/26 18:17
ZMB,Zambia,AFRO,2007,FollowUp,MEASLES,7/9/07,7/14/07,9-59 M,NATIONAL,Done,2018520,2204553,107,,NO,,NO,NO,,9/3/26 18:17
ZMB,Zambia,AFRO,2010,FollowUp,MEASLES,7/19/10,7/24/10,9-47 M,NATIONAL,Done,1705425,1961316,115,,YES,89,YES,YES,,9/3/26 18:17
ZMB,Zambia,AFRO,2012,CatchUp,MEASLES,9/10/12,9/15/12,<15 Y,NATIONAL,Done,6458977,7503515,116,,YES,96,YES,NO,,9/3/26 18:17
ZMB,Zambia,AFRO,2016,CatchUp,MR,9/19/16,9/24/16,9 M-14 Y,NATIONAL,Done,7163826,7741505,108,VitA; deworming,YES,95,YES,YES,"integrated with Vitamin A and deworming
campaign report pending",9/3/26 18:17
ZMB,Zambia,AFRO,2020,FollowUp,MR,11/23/20,11/28/20,9-59 M,NATIONAL,Done,3398230,3104078,91.3,,YES,69,YES,NO,,9/3/26 18:17
ZMB,Zambia,AFRO,2022,OR,M_MR,11/28/22,12/3/22,6 M-10 Y,SUBNATIONAL,Done,2024604,,,,,,,,,9/3/26 18:17
ZMB,Zambia,AFRO,2023,OR,M_MR,1/26/23,2/14/23,6 M-10 Y,SUBNATIONAL,Done,1219787,1418453,116.29,,,,,,,9/3/26 18:17
ZMB,Zambia,AFRO,2023,OR,M_MR,7/17/23,7/23/24,6 M-10 Y,SUBNATIONAL,Done,120501,131433,109.07,,,,,,,9/3/26 18:17
ZMB,Zambia,AFRO,2023,OR,M_MR,8/8/23,3/13/24,6 M-10 Y,SUBNATIONAL,Done,270551,268530,99.25,,,,,,,9/3/26 18:17
ZMB,Zambia,AFRO,2024,FollowUp,MR,9/23/24,4/24/25,9-59 M,NATIONAL,Done,4092396,3917047,95.72,Polio,YES,73,YES,,,9/3/26 18:17
ZMB,Zambia,AFRO,2027,CatchUp-SIA,M_MR,2027-10,,9-59 M,SUBNATIONAL,Planned,2800000,,,,,,,,High risk areas,9/3/26 18:17
ZMB,Zambia,AFRO,2027,FollowUp,MR,2027,,9-59 M,NATIONAL,Planned,6335169,,,,,,,,,9/3/26 18:17
ZWE,Zimbabwe,AFRO,2002,FollowUp,MEASLES,7/1/02,6/12/02,9-59 M,NATIONAL,Done,1808552,1537263,85,,NO,,NO,NO,,9/3/26 18:17
ZWE,Zimbabwe,AFRO,2003,FollowUp,MEASLES,7/21/03,7/27/03,9-59 M,SUBNATIONAL,Done,375782,353235,94,,NO,,NO,NO,16 EPI low coverage districts,9/3/26 18:17
ZWE,Zimbabwe,AFRO,2006,FollowUp,MEASLES,6/12/06,6/21/06,9-59 M,NATIONAL,Done,1479957,1407510,95,,NO,,NO,NO,,9/3/26 18:17
ZWE,Zimbabwe,AFRO,2009,FollowUp,MEASLES,6/8/09,6/12/09,9-59 M,NATIONAL,Done,1523344,1408589,92,,NO,,NO,NO,,9/3/26 18:17
ZWE,Zimbabwe,AFRO,2010,CatchUp,MEASLES,5/1/10,5/31/10,6 M-14 Y,NATIONAL,Done,5310480,5164307,97,,NO,,NO,YES,NIDs,9/3/26 18:17
ZWE,Zimbabwe,AFRO,2012,FollowUp,MEASLES,6/18/12,6/22/12,6-59 M,NATIONAL,Done,1566444,1613437,103,,YES,95,YES,NO,,9/3/26 18:17
ZWE,Zimbabwe,AFRO,2015,CatchUp,MR,9/28/15,10/2/15,9 M-14 Y,NATIONAL,Done,5203976,5337029,103,,YES,94,YES,YES,,9/3/26 18:17
ZWE,Zimbabwe,AFRO,2019,FollowUp,MR,9/23/19,9/27/19,9 M-5 Y,NATIONAL,Done,1776546,1617680,91,VitA,YES,79,YES,YES,,9/3/26 18:17
ZWE,Zimbabwe,AFRO,2022,FollowUp,MEASLES,8/27/22,9/1/22,6-59 M,NATIONAL,Done,2292989,1970123,85.92,VitA,YES,90,YES,YES,,9/3/26 18:17
ZWE,Zimbabwe,AFRO,2022,OR,M_MR,4/20/22,4/28/22,6 M- 15 Y,SUBNATIONAL,Done,70289,47785,67.98,,YES,90,YES,,,9/3/26 18:17
ZWE,Zimbabwe,AFRO,2025,FollowUp,MR,10/6/25,10/10/25,9-59 M,NATIONAL,Done,1769881,1732296,97.6,,YES,94,YES,,,9/3/26 18:17