weeks,mean,sd
1to12weeks,0.4748415247555607,0.07492028115591114
13to16weeks,0.16649428427768959,0.05607530345765086
